Día,Tipo de resultado,Resultados,Costo por resultado,Importe gastado (COP),Impresiones,Alcance,Frecuencia,CPM (costo por mil impresiones),Compras,Configuración de atribución,Clasificación de calidad,Clasificación del porcentaje de interacción,Clasificación del porcentaje de conversiones,Nombre del conjunto de anuncios,ROAS de compras,Tasa de resultados,Clics en el enlace,Valor de conversión de compras,Inicio del informe,Fin del informe,Resultados (iniciales),Estado de la entrega,Nivel de la entrega,Inicio,Finalización,Visitas a la página de destino
2026-07-01,,,,413148,42616,26800,1.59014925,9694.66866904,4.0,Configuración de atribución múltiple,-,-,-,,0.52596164,,603.0,217300.0,2026-07-01,2026-07-01,,,,,,
2026-06-30,,,,262457,39915,25056,1.59303161,6575.39772016,25.0,Configuración de atribución múltiple,-,-,-,,12.03328545,,456.0,3158220.0,2026-06-30,2026-06-30,,,,,,
2026-06-29,,,,610209,103474,57845,1.78881494,5897.22055782,28.0,Configuración de atribución múltiple,-,-,-,,6.09129003,,1214.0,3716960.0,2026-06-29,2026-06-29,,,,,,
2026-06-28,,,,629037,122054,73016,1.67160622,5153.75981123,18.0,Configuración de atribución múltiple,-,-,-,,5.10887277,,1261.0,3213670.0,2026-06-28,2026-06-28,,,,,,
2026-06-27,,,,572945,102894,53886,1.90947556,5568.30330243,18.0,Configuración de atribución múltiple,-,-,-,,3.78989257,,1028.0,2171400.0,2026-06-27,2026-06-27,,,,,,
2026-06-26,,,,612735,119380,71435,1.67116959,5132.6436589,30.0,Configuración de atribución múltiple,-,-,-,,7.67460648,,1083.0,4702500.0,2026-06-26,2026-06-26,,,,,,
2026-06-25,,,,548863,96983,47987,2.02102653,5659.37329223,36.0,Configuración de atribución múltiple,-,-,-,,8.74128881,,1073.0,4797770.0,2026-06-25,2026-06-25,,,,,,
2026-06-24,,,,697621,126823,71370,1.77697912,5500.74513298,38.0,Configuración de atribución múltiple,-,-,-,,6.11147027,,1484.0,4263490.0,2026-06-24,2026-06-24,,,,,,
2026-06-23,,,,808176,174788,118244,1.47819763,4623.74991418,16.0,Configuración de atribución múltiple,-,-,-,,2.63192176,,1675.0,2127056.0,2026-06-23,2026-06-23,,,,,,
2026-06-22,,,,583579,121232,69490,1.74459634,4813.73729708,14.0,Configuración de atribución múltiple,-,-,-,,2.22064194,,1523.0,1295920.0,2026-06-22,2026-06-22,,,,,,
2026-06-21,,,,715535,158658,94411,1.68050333,4509.92070995,12.0,Configuración de atribución múltiple,-,-,-,,2.18063128,,1970.0,1560318.0,2026-06-21,2026-06-21,,,,,,
2026-06-20,,,,547523,100767,56950,1.76939421,5433.55463594,18.0,Configuración de atribución múltiple,-,-,-,,5.27022609,,1549.0,2885570.0,2026-06-20,2026-06-20,,,,,,
2026-06-19,,,,775218,105726,50622,2.08853858,7332.33074173,8.0,Configuración de atribución múltiple,-,-,-,,1.27326765,,1855.0,987060.0,2026-06-19,2026-06-19,,,,,,
2026-06-18,,,,569767,75121,43384,1.73153697,7584.65675377,12.0,Configuración de atribución múltiple,-,-,-,,1.91578663,,2011.0,1091552.0,2026-06-18,2026-06-18,,,,,,
2026-06-17,,,,737256,117270,67615,1.73437847,6286.82527501,12.0,Configuración de atribución múltiple,-,-,-,,1.77235587,,2763.0,1306680.0,2026-06-17,2026-06-17,,,,,,
2026-06-16,,,,907224,137549,77478,1.77532977,6595.64228021,18.0,Configuración de atribución múltiple,-,-,-,,3.45655538,,3255.0,3135870.0,2026-06-16,2026-06-16,,,,,,
2026-06-15,,,,961787,167570,97884,1.71192432,5739.61329594,14.0,Configuración de atribución múltiple,-,-,-,,3.11813322,,3596.0,2998980.0,2026-06-15,2026-06-15,,,,,,
2026-06-14,,,,947686,149057,84778,1.75820378,6357.87651704,18.0,Configuración de atribución múltiple,-,-,-,,2.60988344,,3086.0,2473350.0,2026-06-14,2026-06-14,,,,,,
2026-06-13,,,,983322,140763,79347,1.77401792,6985.65674218,20.0,Configuración de atribución múltiple,-,-,-,,2.21977541,,3327.0,2182754.0,2026-06-13,2026-06-13,,,,,,
2026-06-12,,,,910128,131615,76167,1.72797931,6915.07806861,10.0,Configuración de atribución múltiple,-,-,-,,1.38770591,,2979.0,1262990.0,2026-06-12,2026-06-12,,,,,,
2026-06-11,,,,883247,125274,69720,1.79681583,7050.5212574,14.0,Configuración de atribución múltiple,-,-,-,,1.9557836,,2920.0,1727440.0,2026-06-11,2026-06-11,,,,,,
2026-06-10,,,,692675,118888,73007,1.62844659,5826.28187874,12.0,Configuración de atribución múltiple,-,-,-,,1.90372108,,2708.0,1318660.0,2026-06-10,2026-06-10,,,,,,
2026-06-09,,,,763234,143333,89105,1.60858538,5324.90075558,16.0,Configuración de atribución múltiple,-,-,-,,2.88371587,,3599.0,2200950.0,2026-06-09,2026-06-09,,,,,,
2026-06-08,,,,834141,144503,81258,1.77832337,5772.4822322,24.0,Configuración de atribución múltiple,-,-,-,,3.16197142,,4139.0,2637530.0,2026-06-08,2026-06-08,,,,,,
2026-06-07,,,,852855,138173,80241,1.72197505,6172.3708684,28.0,Configuración de atribución múltiple,-,-,-,,4.74122799,,3968.0,4043580.0,2026-06-07,2026-06-07,,,,,,
2026-06-06,,,,775863,131942,81974,1.60955913,5880.33378303,10.0,Configuración de atribución múltiple,-,-,-,,2.16366807,,3653.0,1678710.0,2026-06-06,2026-06-06,,,,,,
2026-06-05,,,,730377,113688,68556,1.65832312,6424.39835339,16.0,Configuración de atribución múltiple,-,-,-,,2.96153904,,3356.0,2163040.0,2026-06-05,2026-06-05,,,,,,
2026-06-04,,,,764055,123478,70643,1.74791558,6187.78243898,24.0,Configuración de atribución múltiple,-,-,-,,4.74011688,,3707.0,3621710.0,2026-06-04,2026-06-04,,,,,,
2026-06-03,,,,743185,128818,72984,1.76501699,5769.26361223,15.0,Configuración de atribución múltiple,-,-,-,,3.04025243,,3227.0,2259470.0,2026-06-03,2026-06-03,,,,,,
2026-06-02,,,,840489,139303,72751,1.91479155,6033.5312233,30.0,Configuración de atribución múltiple,-,-,-,,3.60875395,,3638.0,3033118.0,2026-06-02,2026-06-02,,,,,,
2026-06-01,,,,945109,166478,86221,1.93082892,5677.08045508,29.0,Configuración de atribución múltiple,-,-,-,,4.66154698,,4078.0,4405670.0,2026-06-01,2026-06-01,,,,,,
2026-05-31,,,,115232,24235,17826,1.35953102,4754.7761502,8.0,Configuración de atribución múltiple,-,-,-,,6.14204388,,694.0,707760.0,2026-05-31,2026-05-31,,,,,,
2026-05-30,,,,631968,93658,51256,1.82725925,6747.6136582,35.0,Configuración de atribución múltiple,-,-,-,,6.38243076,,2678.0,4033492.0,2026-05-30,2026-05-30,,,,,,
2026-05-29,,,,718534,101583,58903,1.72458109,7073.36857545,40.0,Configuración de atribución múltiple,-,-,-,,6.84106806,,2699.0,4915540.0,2026-05-29,2026-05-29,,,,,,
2026-05-28,,,,695918,99341,59013,1.68337485,7005.34522503,26.0,Configuración de atribución múltiple,-,-,-,,4.75978779,,2707.0,3312422.0,2026-05-28,2026-05-28,,,,,,
2026-05-27,,,,747026,103379,60774,1.70103992,7226.09040521,19.0,Configuración de atribución múltiple,-,-,-,,3.03001502,,3337.0,2263500.0,2026-05-27,2026-05-27,,,,,,
2026-05-26,,,,730199,106928,62199,1.71912732,6828.8848571,7.0,Configuración de atribución múltiple,-,-,-,,1.35815031,,3372.0,991720.0,2026-05-26,2026-05-26,,,,,,
2026-05-25,,,,789962,131070,76062,1.7231995,6027.02372778,23.0,Configuración de atribución múltiple,-,-,-,,4.55352283,,3589.0,3597110.0,2026-05-25,2026-05-25,,,,,,
2026-05-24,,,,737808,111592,64862,1.72045265,6611.65674959,27.0,Configuración de atribución múltiple,-,-,-,,5.45395821,,3348.0,4023974.0,2026-05-24,2026-05-24,,,,,,
2026-05-23,,,,791974,126946,74007,1.71532423,6238.66841019,9.0,Configuración de atribución múltiple,-,-,-,,1.42689028,,3860.0,1130060.0,2026-05-23,2026-05-23,,,,,,
2026-05-22,,,,713166,112533,65145,1.72742344,6337.39436432,17.0,Configuración de atribución múltiple,-,-,-,,3.23358377,,3366.0,2306082.0,2026-05-22,2026-05-22,,,,,,
2026-05-21,,,,753686,116529,63940,1.82247419,6467.79771559,21.0,Configuración de atribución múltiple,-,-,-,,3.27875269,,3885.0,2471150.0,2026-05-21,2026-05-21,,,,,,
2026-05-20,,,,867757,123667,62914,1.96565152,7016.88405153,74.0,Configuración de atribución múltiple,-,-,-,,11.69627672,,4091.0,10149526.0,2026-05-20,2026-05-20,,,,,,
2026-05-19,,,,849730,118822,59775,1.987821,7151.28511555,40.0,Configuración de atribución múltiple,-,-,-,,6.92566345,,3899.0,5884944.0,2026-05-19,2026-05-19,,,,,,
2026-05-18,,,,858252,130603,72356,1.8050058,6571.45701094,46.0,Configuración de atribución múltiple,-,-,-,,7.1964959,,4121.0,6176407.0,2026-05-18,2026-05-18,,,,,,
2026-05-17,,,,816908,120491,62486,1.92828794,6779.82587911,54.0,Configuración de atribución múltiple,-,-,-,,10.391093,,3700.0,8488567.0,2026-05-17,2026-05-17,,,,,,
2026-05-16,,,,520838,81114,52396,1.54809527,6421.06171561,37.0,Configuración de atribución múltiple,-,-,-,,11.182863,,3404.0,5824460.0,2026-05-16,2026-05-16,,,,,,
2026-05-15,,,,1089881,248632,170228,1.46058228,4383.51056984,75.0,Configuración de atribución múltiple,-,-,-,,8.65251803,,4621.0,9430215.0,2026-05-15,2026-05-15,,,,,,
2026-05-14,,,,1126266,202553,130820,1.54833359,5560.35210537,60.0,Configuración de atribución múltiple,-,-,-,,7.20103599,,4696.0,8110282.0,2026-05-14,2026-05-14,,,,,,
2026-05-13,,,,1149225,200296,126000,1.58965079,5737.63330271,34.0,Configuración de atribución múltiple,-,-,-,,4.21658596,,4997.0,4845806.0,2026-05-13,2026-05-13,,,,,,
2026-05-12,,,,1222735,212811,131576,1.61739983,5745.6381484,55.0,Configuración de atribución múltiple,-,-,-,,5.67160178,,4909.0,6934866.0,2026-05-12,2026-05-12,,,,,,
2026-05-11,,,,1247304,234043,143690,1.62880507,5329.37964391,46.0,Configuración de atribución múltiple,-,-,-,,5.62368196,,4784.0,7014441.0,2026-05-11,2026-05-11,,,,,,
2026-05-10,,,,1159411,243948,152978,1.59466067,4752.69729615,31.0,Configuración de atribución múltiple,-,-,-,,3.13720674,,4407.0,3637312.0,2026-05-10,2026-05-10,,,,,,
2026-05-09,,,,1155990,224822,141790,1.58559842,5141.80106929,48.0,Configuración de atribución múltiple,-,-,-,,8.00537461,,4859.0,9254133.0,2026-05-09,2026-05-09,,,,,,
2026-05-08,,,,1157436,207997,129432,1.60699827,5564.6764136,39.0,Configuración de atribución múltiple,-,-,-,,5.03117321,,4864.0,5823261.0,2026-05-08,2026-05-08,,,,,,
2026-05-07,,,,1090332,214303,122896,1.74377522,5087.80558368,53.0,Configuración de atribución múltiple,-,-,-,,6.68207207,,5031.0,7285677.0,2026-05-07,2026-05-07,,,,,,
2026-05-06,,,,1175016,238291,146770,1.62356749,4931.01292118,30.0,Configuración de atribución múltiple,-,-,-,,2.74698898,,5439.0,3227756.0,2026-05-06,2026-05-06,,,,,,
2026-05-05,,,,1155025,228610,129698,1.76263319,5052.38178557,77.0,Configuración de atribución múltiple,-,-,-,,8.56023203,,5357.0,9887282.0,2026-05-05,2026-05-05,,,,,,
2026-05-04,,,,1183455,236444,127737,1.85102202,5005.2232241,82.0,Configuración de atribución múltiple,-,-,-,,8.99813766,,5033.0,10648891.0,2026-05-04,2026-05-04,,,,,,
2026-05-03,,,,639563,99333,56770,1.74974458,6438.57529723,21.0,Configuración de atribución múltiple,-,-,-,,4.26019016,,2543.0,2724660.0,2026-05-03,2026-05-03,,,,,,
2026-05-02,,,,212028,26499,14156,1.8719271,8001.35854183,14.0,Configuración de atribución múltiple,-,-,-,,8.51593186,,567.0,1805616.0,2026-05-02,2026-05-02,,,,,,
2026-05-01,,,,199635,22977,10914,2.10527763,8688.47107978,17.0,Configuración de atribución múltiple,-,-,-,,10.36481579,,497.0,2069180.0,2026-05-01,2026-05-01,,,,,,
2026-04-30,,,,77815,16560,13342,1.24119322,4698.97342995,21.0,Configuración de atribución múltiple,-,-,-,,35.17817901,,391.0,2737390.0,2026-04-30,2026-04-30,,,,,,
2026-04-29,,,,286777,62429,40522,1.54061991,4593.65038684,14.0,Configuración de atribución múltiple,-,-,-,,7.12414175,,1980.0,2043040.0,2026-04-29,2026-04-29,,,,,,
2026-04-28,,,,315084,61169,38805,1.57631748,5151.04055976,8.0,Configuración de atribución múltiple,-,-,-,,3.21108022,,2034.0,1011760.0,2026-04-28,2026-04-28,,,,,,
2026-04-27,,,,332320,74025,45948,1.61106033,4489.29415738,20.0,Configuración de atribución múltiple,-,-,-,,11.20730019,,1975.0,3724410.0,2026-04-27,2026-04-27,,,,,,
2026-04-26,,,,386454,78497,50069,1.56777647,4923.16903831,14.0,Configuración de atribución múltiple,-,-,-,,4.41027393,,2215.0,1704368.0,2026-04-26,2026-04-26,,,,,,
2026-04-25,,,,370718,73072,46605,1.56790044,5073.32493979,16.0,Configuración de atribución múltiple,-,-,-,,5.56630107,,2287.0,2063528.0,2026-04-25,2026-04-25,,,,,,
2026-04-24,,,,368852,78781,48961,1.60905619,4681.99185083,16.0,Configuración de atribución múltiple,-,-,-,,5.61428432,,2282.0,2070840.0,2026-04-24,2026-04-24,,,,,,
2026-04-23,,,,393313,79263,48367,1.63878264,4962.12608657,8.0,Configuración de atribución múltiple,-,-,-,,3.27647446,,2311.0,1288680.0,2026-04-23,2026-04-23,,,,,,
2026-04-22,,,,364828,73735,44885,1.6427537,4947.82667661,16.0,Configuración de atribución múltiple,-,-,-,,6.37629787,,2096.0,2326252.0,2026-04-22,2026-04-22,,,,,,
2026-04-21,,,,388592,88776,56572,1.56925688,4377.21906822,18.0,Configuración de atribución múltiple,-,-,-,,7.4972722,,2097.0,2913380.0,2026-04-21,2026-04-21,,,,,,
2026-04-20,,,,399447,82290,53524,1.53744115,4854.13780532,24.0,Configuración de atribución múltiple,-,-,-,,9.06516259,,2042.0,3621052.0,2026-04-20,2026-04-20,,,,,,
2026-04-19,,,,391172,81162,54780,1.48159912,4819.64466129,16.0,Configuración de atribución múltiple,-,-,-,,5.4141912,,2209.0,2117880.0,2026-04-19,2026-04-19,,,,,,
2026-04-18,,,,387432,75958,52037,1.45969214,5100.60823086,15.0,Configuración de atribución múltiple,-,-,-,,5.94235375,,2315.0,2302258.0,2026-04-18,2026-04-18,,,,,,
2026-04-17,,,,395336,77496,50527,1.53375423,5101.37297409,18.0,Configuración de atribución múltiple,-,-,-,,6.5871866,,2263.0,2604152.0,2026-04-17,2026-04-17,,,,,,
2026-04-16,,,,402027,80849,51938,1.55664446,4972.56614182,28.0,Configuración de atribución múltiple,-,-,-,,8.73110512,,2147.0,3510140.0,2026-04-16,2026-04-16,,,,,,
2026-04-15,,,,402442,76724,48205,1.59161913,5245.32089046,10.0,Configuración de atribución múltiple,-,-,-,,4.1597547,,2292.0,1674060.0,2026-04-15,2026-04-15,,,,,,
2026-04-14,,,,424343,90893,56269,1.61532993,4668.59934208,18.0,Configuración de atribución múltiple,-,-,-,,6.34185081,,2674.0,2691120.0,2026-04-14,2026-04-14,,,,,,
2026-04-13,,,,411967,89884,57026,1.57619332,4583.3184994,20.0,Configuración de atribución múltiple,-,-,-,,7.58097129,,2519.0,3123110.0,2026-04-13,2026-04-13,,,,,,
2026-04-12,,,,436802,97928,61827,1.58390347,4460.4403235,20.0,Configuración de atribución múltiple,-,-,-,,6.87808206,,2531.0,3004360.0,2026-04-12,2026-04-12,,,,,,
2026-04-11,,,,443135,92488,58413,1.58334617,4791.27021884,21.0,Configuración de atribución múltiple,-,-,-,,7.35559141,,2948.0,3259520.0,2026-04-11,2026-04-11,,,,,,
2026-04-10,,,,579555,130429,74170,1.75851422,4443.45199304,20.0,Configuración de atribución múltiple,-,-,-,,6.06970175,,3716.0,3517726.0,2026-04-10,2026-04-10,,,,,,
2026-04-09,,,,554611,129791,72071,1.80087691,4273.10830489,10.0,Configuración de atribución múltiple,-,-,-,,2.38857145,,3160.0,1324728.0,2026-04-09,2026-04-09,,,,,,
2026-04-08,,,,560405,139610,78847,1.77064441,4014.074923,15.0,Configuración de atribución múltiple,-,-,-,,4.34975063,,3238.0,2437622.0,2026-04-08,2026-04-08,,,,,,
2026-04-07,,,,608460,160373,85653,1.87235707,3794.03016717,20.0,Configuración de atribución múltiple,-,-,-,,4.49246951,,4189.0,2733488.0,2026-04-07,2026-04-07,,,,,,
2026-04-06,,,,608867,182390,99049,1.84141183,3338.26964198,35.0,Configuración de atribución múltiple,-,-,-,,10.73475817,,3741.0,6536040.0,2026-04-06,2026-04-06,,,,,,
2026-04-05,,,,616009,199564,112731,1.77026727,3086.77416769,26.0,Configuración de atribución múltiple,-,-,-,,6.33474511,,3764.0,3902260.0,2026-04-05,2026-04-05,,,,,,
2026-04-04,,,,607948,196418,107281,1.83087406,3095.17457667,10.0,Configuración de atribución múltiple,-,-,-,,2.57571371,,3688.0,1565900.0,2026-04-04,2026-04-04,,,,,,
2026-04-03,,,,595224,169960,90079,1.88678826,3502.1416804,17.0,Configuración de atribución múltiple,-,-,-,,2.97242719,,3802.0,1769260.0,2026-04-03,2026-04-03,,,,,,
2026-04-02,,,,604927,170638,85834,1.98800009,3545.08960489,18.0,Configuración de atribución múltiple,-,-,-,,5.02007019,,3745.0,3036776.0,2026-04-02,2026-04-02,,,,,,
2026-04-01,,,,628006,153391,83422,1.83873559,4094.15154735,36.0,Configuración de atribución múltiple,-,-,-,,8.90390538,,3027.0,5591706.0,2026-04-01,2026-04-01,,,,,,
2026-03-31,,,,753041,148232,80481,1.84182602,5080.15138432,20.0,Configuración de atribución múltiple,-,-,-,,3.18625413,,3344.0,2399380.0,2026-03-31,2026-03-31,,,,,,
2026-03-30,,,,1017541,210392,118505,1.775385,4836.40537663,26.0,Configuración de atribución múltiple,-,-,-,,4.08137461,,5458.0,4152966.0,2026-03-30,2026-03-30,,,,,,
2026-03-29,,,,1253926,268287,144998,1.85028069,4673.82318189,37.0,Configuración de atribución múltiple,-,-,-,,4.72546386,,6696.0,5925382.0,2026-03-29,2026-03-29,,,,,,
2026-03-28,,,,1274522,227588,116493,1.95366245,5600.12830202,37.0,Configuración de atribución múltiple,-,-,-,,3.94546191,,6835.0,5028578.0,2026-03-28,2026-03-28,,,,,,
2026-03-27,,,,1380032,241042,121134,1.98987898,5725.27609296,26.0,Configuración de atribución múltiple,-,-,-,,3.07582433,,7065.0,4244736.0,2026-03-27,2026-03-27,,,,,,
2026-03-26,,,,289179,50525,31751,1.59128846,5723.48342405,4.0,Configuración de atribución múltiple,-,-,-,,3.05347207,,2365.0,883000.0,2026-03-26,2026-03-26,,,,,,
2026-03-25,,,,296769,50525,31615,1.5981338,5873.7060861,12.0,Configuración de atribución múltiple,-,-,-,,6.02576415,,2199.0,1788260.0,2026-03-25,2026-03-25,,,,,,
2026-03-24,,,,303283,52492,31430,1.67012409,5777.69945897,10.0,Configuración de atribución múltiple,-,-,-,,6.25039979,,2160.0,1895640.0,2026-03-24,2026-03-24,,,,,,
2026-03-23,,,,346593,52321,31980,1.63605378,6624.35733262,17.0,Configuración de atribución múltiple,-,-,-,,6.07608925,,2404.0,2105930.0,2026-03-23,2026-03-23,,,,,,
2026-03-22,,,,322375,46624,27689,1.68384557,6914.35741249,13.0,Configuración de atribución múltiple,-,-,-,,5.30171694,,2270.0,1709141.0,2026-03-22,2026-03-22,,,,,,
2026-03-21,,,,339394,44211,27591,1.60237034,7676.6867974,12.0,Configuración de atribución múltiple,-,-,-,,4.82739235,,2326.0,1638388.0,2026-03-21,2026-03-21,,,,,,
2026-03-20,,,,325914,43227,27542,1.56949386,7539.59330974,10.0,Configuración de atribución múltiple,-,-,-,,3.56179851,,2277.0,1160840.0,2026-03-20,2026-03-20,,,,,,
2026-03-19,,,,347343,49782,31755,1.56769013,6977.28094492,10.0,Configuración de atribución múltiple,-,-,-,,5.24625514,,2672.0,1822250.0,2026-03-19,2026-03-19,,,,,,
2026-03-18,,,,326990,46469,29489,1.57580793,7036.73416686,10.0,Configuración de atribución múltiple,-,-,-,,2.56882473,,2366.0,839980.0,2026-03-18,2026-03-18,,,,,,
2026-03-17,,,,347327,55396,38402,1.44252903,6269.89313308,16.0,Configuración de atribución múltiple,-,-,-,,6.27707607,,2296.0,2180198.0,2026-03-17,2026-03-17,,,,,,
2026-03-16,,,,361209,54922,37303,1.47232126,6576.76340993,22.0,Configuración de atribución múltiple,-,-,-,,8.95237383,,2066.0,3233678.0,2026-03-16,2026-03-16,,,,,,
2026-03-15,,,,497595,89622,52254,1.71512229,5552.1523733,22.0,Configuración de atribución múltiple,-,-,-,,6.77149891,,3397.0,3369464.0,2026-03-15,2026-03-15,,,,,,
2026-03-14,,,,535842,91399,55334,1.65176926,5862.66808171,22.0,Configuración de atribución múltiple,-,-,-,,5.43514693,,3742.0,2912380.0,2026-03-14,2026-03-14,,,,,,
2026-03-13,,,,529425,90226,52691,1.71236074,5867.76538913,18.0,Configuración de atribución múltiple,-,-,-,,4.09188081,,3562.0,2166344.0,2026-03-13,2026-03-13,,,,,,
2026-03-12,,,,529302,99758,66462,1.500978,5305.86018164,20.0,Configuración de atribución múltiple,-,-,-,,4.92699442,,3532.0,2607868.0,2026-03-12,2026-03-12,,,,,,
2026-03-11,,,,515208,93261,59055,1.57922276,5524.36709879,16.0,Configuración de atribución múltiple,-,-,-,,3.77221627,,3014.0,1943476.0,2026-03-11,2026-03-11,,,,,,
2026-03-10,,,,482302,85256,50438,1.69031286,5657.10331238,6.0,Configuración de atribución múltiple,-,-,-,,1.7262628,,3163.0,832580.0,2026-03-10,2026-03-10,,,,,,
2026-03-09,,,,385098,75983,42399,1.79209415,5068.21262651,16.0,Configuración de atribución múltiple,-,-,-,,5.77930812,,2116.0,2225600.0,2026-03-09,2026-03-09,,,,,,
2026-03-08,,,,395061,72411,39735,1.82234806,5455.81472428,14.0,Configuración de atribución múltiple,-,-,-,,6.41483214,,1811.0,2534250.0,2026-03-08,2026-03-08,,,,,,
2026-03-07,,,,425426,59877,31968,1.87302928,7104.99858042,16.0,Configuración de atribución múltiple,-,-,-,,5.71130114,,1943.0,2429736.0,2026-03-07,2026-03-07,,,,,,
2026-03-06,,,,417120,60343,32550,1.85385561,6912.48363522,16.0,Configuración de atribución múltiple,-,-,-,,5.45847718,,1929.0,2276840.0,2026-03-06,2026-03-06,,,,,,
2026-03-05,,,,403668,59523,32405,1.83684617,6781.71463132,18.0,Configuración de atribución múltiple,-,-,-,,5.51724685,,1811.0,2227136.0,2026-03-05,2026-03-05,,,,,,
2026-03-04,,,,388109,63034,36162,1.74310049,6157.1374179,18.0,Configuración de atribución múltiple,-,-,-,,6.99365384,,1828.0,2714300.0,2026-03-04,2026-03-04,,,,,,
2026-03-03,,,,328243,54897,34480,1.59214037,5979.25205385,10.0,Configuración de atribución múltiple,-,-,-,,3.94341997,,1813.0,1294400.0,2026-03-03,2026-03-03,,,,,,
2026-03-02,,,,314578,48399,30037,1.61131271,6499.67974545,22.0,Configuración de atribución múltiple,-,-,-,,9.42945788,,1560.0,2966300.0,2026-03-02,2026-03-02,,,,,,
2026-03-01,,,,295139,44396,26890,1.65102269,6647.87368231,10.0,Configuración de atribución múltiple,-,-,-,,4.30801758,,1299.0,1271464.0,2026-03-01,2026-03-01,,,,,,
2026-02-28,,,,53201,6963,4496,1.54870996,7640.52850783,14.0,Configuración de atribución múltiple,-,-,-,,30.33762523,,165.0,1613992.0,2026-02-28,2026-02-28,,,,,,
2026-02-27,,,,164065,21469,12492,1.71861992,7641.94885649,10.0,Configuración de atribución múltiple,-,-,-,,9.55206778,,700.0,1567160.0,2026-02-27,2026-02-27,,,,,,
2026-02-26,,,,213293,26319,15237,1.72730853,8104.14529427,14.0,Configuración de atribución múltiple,-,-,-,,9.64982442,,1000.0,2058240.0,2026-02-26,2026-02-26,,,,,,
2026-02-25,,,,329806,47776,26927,1.77427861,6903.17314133,18.0,Configuración de atribución múltiple,-,-,-,,8.92063819,,1336.0,2942080.0,2026-02-25,2026-02-25,,,,,,
2026-02-24,,,,380883,55837,31966,1.74676218,6821.33710622,6.0,Configuración de atribución múltiple,-,-,-,,1.45026163,,1555.0,552380.0,2026-02-24,2026-02-24,,,,,,
2026-02-23,,,,603467,108493,64232,1.68908021,5562.26669002,36.0,Configuración de atribución múltiple,-,-,-,,9.13676141,,2449.0,5513734.0,2026-02-23,2026-02-23,,,,,,
2026-02-22,,,,564967,100557,61661,1.63080391,5618.37564764,20.0,Configuración de atribución múltiple,-,-,-,,5.57852052,,2208.0,3151680.0,2026-02-22,2026-02-22,,,,,,
2026-02-21,,,,597534,95765,52893,1.81054204,6239.58648776,25.0,Configuración de atribución múltiple,-,-,-,,5.08239196,,2248.0,3036902.0,2026-02-21,2026-02-21,,,,,,
2026-02-20,,,,585861,101230,59257,1.70832138,5787.42467648,32.0,Configuración de atribución múltiple,-,-,-,,8.09071094,,2458.0,4740032.0,2026-02-20,2026-02-20,,,,,,
2026-02-19,,,,594635,115759,69471,1.66629241,5136.83601275,40.0,Configuración de atribución múltiple,-,-,-,,9.5355302,,2605.0,5670160.0,2026-02-19,2026-02-19,,,,,,
2026-02-18,,,,568914,105277,61818,1.7030153,5403.97237763,26.0,Configuración de atribución múltiple,-,-,-,,7.86139909,,2357.0,4472460.0,2026-02-18,2026-02-18,,,,,,
2026-02-17,,,,405519,89649,50551,1.77343673,4523.4079577,18.0,Configuración de atribución múltiple,-,-,-,,5.59226078,,1932.0,2267768.0,2026-02-17,2026-02-17,,,,,,
2026-02-16,,,,521362,107672,63519,1.69511485,4842.13165911,24.0,Configuración de atribución múltiple,-,-,-,,7.1103571,,2334.0,3707070.0,2026-02-16,2026-02-16,,,,,,
2026-02-15,,,,265860,60513,39953,1.51460466,4393.43612116,12.0,Configuración de atribución múltiple,-,-,-,,4.63585346,,1229.0,1232488.0,2026-02-15,2026-02-15,,,,,,
2026-02-14,,,,264900,54849,38328,1.43104258,4829.62314719,26.0,Configuración de atribución múltiple,-,-,-,,12.32385051,,1163.0,3264588.0,2026-02-14,2026-02-14,,,,,,
2026-02-13,,,,632883,146392,91632,1.59760782,4323.20755233,20.0,Configuración de atribución múltiple,-,-,-,,3.95839357,,2884.0,2505200.0,2026-02-13,2026-02-13,,,,,,
2026-02-12,,,,633242,126821,74971,1.69160075,4993.1951333,18.0,Configuración de atribución múltiple,-,-,-,,4.86054621,,2715.0,3077902.0,2026-02-12,2026-02-12,,,,,,
2026-02-11,,,,692634,159673,102959,1.55084063,4337.82793584,28.0,Configuración de atribución múltiple,-,-,-,,6.12505595,,3086.0,4242422.0,2026-02-11,2026-02-11,,,,,,
2026-02-10,,,,657748,134464,77719,1.73013034,4891.6289862,20.0,Configuración de atribución múltiple,-,-,-,,4.12962107,,2775.0,2716250.0,2026-02-10,2026-02-10,,,,,,
2026-02-09,,,,687569,157318,88201,1.78363057,4370.56789433,38.0,Configuración de atribución múltiple,-,-,-,,9.77492877,,3632.0,6720938.0,2026-02-09,2026-02-09,,,,,,
2026-02-08,,,,688906,149330,83507,1.78823332,4613.31279716,28.0,Configuración de atribución múltiple,-,-,-,,4.83974592,,3691.0,3334130.0,2026-02-08,2026-02-08,,,,,,
2026-02-07,,,,772090,179835,104477,1.72128794,4293.32443629,32.0,Configuración de atribución múltiple,-,-,-,,7.07540572,,3822.0,5462850.0,2026-02-07,2026-02-07,,,,,,
2026-02-06,,,,1045918,245607,141502,1.73571398,4258.50240425,23.0,Configuración de atribución múltiple,-,-,-,,3.85419698,,5017.0,4031174.0,2026-02-06,2026-02-06,,,,,,
2026-02-05,,,,1062760,229032,124196,1.84411736,4640.22494673,40.0,Configuración de atribución múltiple,-,-,-,,4.19238022,,5047.0,4455494.0,2026-02-05,2026-02-05,,,,,,
2026-02-04,,,,980857,190280,102044,1.86468582,5154.80870296,46.0,Configuración de atribución múltiple,-,-,-,,7.68851933,,4649.0,7541338.0,2026-02-04,2026-02-04,,,,,,
2026-02-03,,,,1032941,228822,130181,1.75772194,4514.16821809,22.0,Configuración de atribución múltiple,-,-,-,,3.10606317,,5024.0,3208380.0,2026-02-03,2026-02-03,,,,,,
2026-02-02,,,,740019,161326,87872,1.83592043,4587.10313279,35.0,Configuración de atribución múltiple,-,-,-,,4.34978291,,3235.0,3218922.0,2026-02-02,2026-02-02,,,,,,
2026-02-01,,,,175076,28771,12226,2.35326354,6085.15519099,14.0,Configuración de atribución múltiple,-,-,-,,12.3024972,,376.0,2153872.0,2026-02-01,2026-02-01,,,,,,
2026-01-31,,,,132615,24021,16454,1.45988817,5520.79430498,20.0,Configuración de atribución múltiple,-,-,-,,14.93000038,,509.0,1979942.0,2026-01-31,2026-01-31,,,,,,
2026-01-30,,,,551531,122618,71471,1.71563291,4497.96114763,18.0,Configuración de atribución múltiple,-,-,-,,6.16775122,,2505.0,3401706.0,2026-01-30,2026-01-30,,,,,,
2026-01-29,,,,583200,133691,80246,1.66601451,4362.29813525,24.0,Configuración de atribución múltiple,-,-,-,,7.29028807,,2896.0,4251696.0,2026-01-29,2026-01-29,,,,,,
2026-01-28,,,,657268,143594,84265,1.70407643,4577.2664596,24.0,Configuración de atribución múltiple,-,-,-,,3.55050603,,2907.0,2333634.0,2026-01-28,2026-01-28,,,,,,
2026-01-27,,,,628295,137008,85036,1.61117644,4585.82710499,12.0,Configuración de atribución múltiple,-,-,-,,3.70811482,,2651.0,2329790.0,2026-01-27,2026-01-27,,,,,,
2026-01-26,,,,577172,133385,80160,1.66398453,4327.11324362,32.0,Configuración de atribución múltiple,-,-,-,,5.92109111,,2454.0,3417488.0,2026-01-26,2026-01-26,,,,,,
2026-01-25,,,,618354,131896,76660,1.72053222,4688.19372839,24.0,Configuración de atribución múltiple,-,-,-,,5.00519767,,2805.0,3094984.0,2026-01-25,2026-01-25,,,,,,
2026-01-24,,,,653725,145945,86615,1.68498528,4479.25588407,22.0,Configuración de atribución múltiple,-,-,-,,4.7041646,,2874.0,3075230.0,2026-01-24,2026-01-24,,,,,,
2026-01-23,,,,625087,121966,70973,1.71848449,5125.09223882,10.0,Configuración de atribución múltiple,-,-,-,,1.51689925,,2639.0,948194.0,2026-01-23,2026-01-23,,,,,,
2026-01-22,,,,599128,111401,67061,1.66118907,5378.12048366,32.0,Configuración de atribución múltiple,-,-,-,,8.38281636,,2801.0,5022380.0,2026-01-22,2026-01-22,,,,,,
2026-01-21,,,,620546,130548,77409,1.68647057,4753.39338787,26.0,Configuración de atribución múltiple,-,-,-,,6.53199279,,2659.0,4053402.0,2026-01-21,2026-01-21,,,,,,
2026-01-20,,,,635612,172495,96533,1.78690189,3684.81405258,32.0,Configuración de atribución múltiple,-,-,-,,6.60154623,,2674.0,4196022.0,2026-01-20,2026-01-20,,,,,,
2026-01-19,,,,618408,189606,100016,1.89575668,3261.54235625,36.0,Configuración de atribución múltiple,-,-,-,,8.982649,,2559.0,5554942.0,2026-01-19,2026-01-19,,,,,,
2026-01-18,,,,664184,195597,106914,1.82947977,3395.6758028,28.0,Configuración de atribución múltiple,-,-,-,,7.035177,,2788.0,4672652.0,2026-01-18,2026-01-18,,,,,,
2026-01-17,,,,648232,190798,112438,1.69691741,3397.47796098,32.0,Configuración de atribución múltiple,-,-,-,,11.61575177,,2760.0,7529702.0,2026-01-17,2026-01-17,,,,,,
2026-01-16,,,,628258,196026,108294,1.81012798,3204.97280973,30.0,Configuración de atribución múltiple,-,-,-,,5.13644713,,2639.0,3227014.0,2026-01-16,2026-01-16,,,,,,
2026-01-15,,,,652306,217772,117959,1.84616689,2995.36212185,18.0,Configuración de atribución múltiple,-,-,-,,4.7506385,,2917.0,3098870.0,2026-01-15,2026-01-15,,,,,,
2026-01-14,,,,621414,212352,116013,1.83041556,2926.33928571,28.0,Configuración de atribución múltiple,-,-,-,,5.00537806,,2541.0,3110412.0,2026-01-14,2026-01-14,,,,,,
2026-01-13,,,,633730,253027,145914,1.73408309,2504.59437135,24.0,Configuración de atribución múltiple,-,-,-,,4.91789563,,3139.0,3116618.0,2026-01-13,2026-01-13,,,,,,
2026-01-12,,,,474626,175885,121053,1.45295862,2698.50186201,22.0,Configuración de atribución múltiple,-,-,-,,6.48257786,,2290.0,3076800.0,2026-01-12,2026-01-12,,,,,,
2026-01-11,,,,455259,180244,119228,1.51175898,2525.79281419,20.0,Configuración de atribución múltiple,-,-,-,,7.20919301,,2195.0,3282050.0,2026-01-11,2026-01-11,,,,,,
2026-01-10,,,,442411,162524,109429,1.48520045,2722.12719352,18.0,Configuración de atribución múltiple,-,-,-,,4.59418505,,2235.0,2032518.0,2026-01-10,2026-01-10,,,,,,
2026-01-09,,,,693892,254677,134223,1.89741699,2724.59625329,24.0,Configuración de atribución múltiple,-,-,-,,3.87300906,,3103.0,2687450.0,2026-01-09,2026-01-09,,,,,,
2026-01-08,,,,721760,273367,147581,1.85231839,2640.26016308,34.0,Configuración de atribución múltiple,-,-,-,,5.70975393,,3333.0,4121072.0,2026-01-08,2026-01-08,,,,,,
2026-01-07,,,,699075,274445,145821,1.88206774,2547.23168577,54.0,Configuración de atribución múltiple,-,-,-,,9.01617709,,3448.0,6302984.0,2026-01-07,2026-01-07,,,,,,
2026-01-06,,,,708253,283684,145132,1.95466196,2496.62652811,36.0,Configuración de atribución múltiple,-,-,-,,6.69265079,,3504.0,4740090.0,2026-01-06,2026-01-06,,,,,,
2026-01-05,,,,710074,315697,173737,1.81709711,2249.22631511,32.0,Configuración de atribución múltiple,-,-,-,,6.84024764,,3643.0,4857082.0,2026-01-05,2026-01-05,,,,,,
2026-01-04,,,,712730,345674,192155,1.79893315,2061.85596834,20.0,Configuración de atribución múltiple,-,-,-,,4.41319434,,4188.0,3145416.0,2026-01-04,2026-01-04,,,,,,
2026-01-03,,,,743834,413040,225704,1.83000744,1800.87642843,20.0,Configuración de atribución múltiple,-,-,-,,3.75604772,,4290.0,2793876.0,2026-01-03,2026-01-03,,,,,,
2026-01-02,,,,565219,325073,205003,1.58569875,1738.74483578,20.0,Configuración de atribución múltiple,-,-,-,,3.67184401,,4237.0,2075396.0,2026-01-02,2026-01-02,,,,,,
2026-01-01,,,,94279,29331,22447,1.30667795,3214.31250213,2.0,Configuración de atribución múltiple,-,-,-,,2.47838861,,665.0,233660.0,2026-01-01,2026-01-01,,,,,,
2025-12-31,,,,283692,89244,61543,1.45010805,3178.83555197,22.0,Configuración de atribución múltiple,-,-,-,,12.66579248,,1198.0,3593184.0,2025-12-31,2025-12-31,,,,,,
2025-12-30,,,,618338,215883,130340,1.65630658,2864.22738242,26.0,Configuración de atribución múltiple,-,-,-,,6.99545556,,2882.0,4325556.0,2025-12-30,2025-12-30,,,,,,
2025-12-29,,,,645861,219079,122421,1.78955408,2948.07352599,42.0,Configuración de atribución múltiple,-,-,-,,7.95035155,,3399.0,5134822.0,2025-12-29,2025-12-29,,,,,,
2025-12-28,,,,665400,228507,133485,1.71185526,2911.94580472,46.0,Configuración de atribución múltiple,-,-,-,,10.62004809,,3591.0,7066580.0,2025-12-28,2025-12-28,,,,,,
2025-12-27,,,,707950,236529,138743,1.70479952,2993.07907276,24.0,Configuración de atribución múltiple,-,-,-,,5.1902931,,3555.0,3674468.0,2025-12-27,2025-12-27,,,,,,
2025-12-26,,,,675728,217000,121714,1.78286803,3113.95391705,40.0,Configuración de atribución múltiple,-,-,-,,6.73303459,,3417.0,4549700.0,2025-12-26,2025-12-26,,,,,,
2025-12-25,,,,801958,280610,167320,1.67708582,2857.90955419,26.0,Configuración de atribución múltiple,-,-,-,,3.75073508,,3885.0,3007932.0,2025-12-25,2025-12-25,,,,,,
2025-12-24,,,,594492,182399,106173,1.71794147,3259.29418473,18.0,Configuración de atribución múltiple,-,-,-,,3.33122733,,2379.0,1980388.0,2025-12-24,2025-12-24,,,,,,
2025-12-23,,,,667723,186444,112629,1.65538183,3581.35955032,26.0,Configuración de atribución múltiple,-,-,-,,4.6896812,,2662.0,3131408.0,2025-12-23,2025-12-23,,,,,,
2025-12-22,,,,689787,195553,115851,1.68796989,3527.36598262,24.0,Configuración de atribución múltiple,-,-,-,,4.15750079,,2939.0,2867790.0,2025-12-22,2025-12-22,,,,,,
2025-12-21,,,,726712,187737,113178,1.65877644,3870.90451003,34.0,Configuración de atribución múltiple,-,-,-,,5.96013001,,3084.0,4331298.0,2025-12-21,2025-12-21,,,,,,
2025-12-20,,,,703505,182198,108492,1.67936806,3861.21142932,26.0,Configuración de atribución múltiple,-,-,-,,4.78620337,,2890.0,3367118.0,2025-12-20,2025-12-20,,,,,,
2025-12-19,,,,687242,175295,101141,1.73317448,3920.48831969,20.0,Configuración de atribución múltiple,-,-,-,,3.02434368,,2651.0,2078456.0,2025-12-19,2025-12-19,,,,,,
2025-12-18,,,,701999,178557,110969,1.609071,3931.51206617,43.0,Configuración de atribución múltiple,-,-,-,,8.63471315,,2451.0,6061560.0,2025-12-18,2025-12-18,,,,,,
2025-12-17,,,,701334,170261,101521,1.67710129,4119.16998021,43.0,Configuración de atribución múltiple,-,-,-,,7.50735598,,2744.0,5265164.0,2025-12-17,2025-12-17,,,,,,
2025-12-16,,,,700984,181008,105172,1.72106644,3872.66861133,38.0,Configuración de atribución múltiple,-,-,-,,6.18319391,,2938.0,4334320.0,2025-12-16,2025-12-16,,,,,,
2025-12-15,,,,761309,191987,110750,1.73351693,3965.41953361,32.0,Configuración de atribución múltiple,-,-,-,,5.72335543,,2972.0,4357242.0,2025-12-15,2025-12-15,,,,,,
2025-12-14,,,,747348,189669,112792,1.68158203,3940.27489996,44.0,Configuración de atribución múltiple,-,-,-,,6.66671751,,2875.0,4982358.0,2025-12-14,2025-12-14,,,,,,
2025-12-13,,,,696800,192554,110522,1.74222327,3618.72513684,22.0,Configuración de atribución múltiple,-,-,-,,3.97473594,,3061.0,2769596.0,2025-12-13,2025-12-13,,,,,,
2025-12-12,,,,674649,178501,103081,1.73165763,3779.52504468,26.0,Configuración de atribución múltiple,-,-,-,,4.49254649,,2798.0,3030892.0,2025-12-12,2025-12-12,,,,,,
2025-12-11,,,,719890,177481,108817,1.63100435,4056.15248956,28.0,Configuración de atribución múltiple,-,-,-,,5.03728625,,3133.0,3626292.0,2025-12-11,2025-12-11,,,,,,
2025-12-10,,,,658618,168692,101093,1.66868131,3904.26339127,42.0,Configuración de atribución múltiple,-,-,-,,8.87060481,,2772.0,5842340.0,2025-12-10,2025-12-10,,,,,,
2025-12-09,,,,722458,183506,113505,1.61672173,3936.97208811,48.0,Configuración de atribución múltiple,-,-,-,,10.17066459,,3040.0,7347878.0,2025-12-09,2025-12-09,,,,,,
2025-12-08,,,,762973,205908,123629,1.66553155,3705.40726927,28.0,Configuración de atribución múltiple,-,-,-,,4.38516697,,3264.0,3345764.0,2025-12-08,2025-12-08,,,,,,
2025-12-07,,,,665907,152940,96470,1.58536333,4354.04080031,32.0,Configuración de atribución múltiple,-,-,-,,7.4706408,,2611.0,4974752.0,2025-12-07,2025-12-07,,,,,,
2025-12-06,,,,739622,165034,102673,1.60737487,4481.63408752,18.0,Configuración de atribución múltiple,-,-,-,,4.62952697,,3104.0,3424100.0,2025-12-06,2025-12-06,,,,,,
2025-12-05,,,,680489,154613,89055,1.73615182,4401.24051664,32.0,Configuración de atribución múltiple,-,-,-,,6.34035818,,2942.0,4314544.0,2025-12-05,2025-12-05,,,,,,
2025-12-04,,,,687754,152743,87185,1.75194127,4502.68752087,30.0,Configuración de atribución múltiple,-,-,-,,5.5279155,,3347.0,3801846.0,2025-12-04,2025-12-04,,,,,,
2025-12-03,,,,822992,161149,88943,1.8118233,5107.02517546,50.0,Configuración de atribución múltiple,-,-,-,,11.1289004,,3633.0,9158996.0,2025-12-03,2025-12-03,,,,,,
2025-12-02,,,,3110076,657741,373359,1.76168513,4728.42045729,260.0,Configuración de atribución múltiple,-,-,-,,12.01429129,,8046.0,37365359.0,2025-12-02,2025-12-02,,,,,,
2025-12-01,,,,1975502,522221,343852,1.51873771,3782.88502377,136.0,Configuración de atribución múltiple,-,-,-,,9.79164536,,7109.0,19343415.0,2025-12-01,2025-12-01,,,,,,
2025-11-30,,,,1135895,157098,104144,1.50846904,7230.48670257,124.0,Configuración de atribución múltiple,-,-,-,,15.3773421,,2538.0,17467046.0,2025-11-30,2025-11-30,,,,,,
2025-11-29,,,,3258402,653742,469785,1.391577,4984.23231183,93.0,Configuración de atribución múltiple,-,-,-,,4.28645729,,7879.0,13967001.0,2025-11-29,2025-11-29,,,,,,
2025-11-28,,,,2749876,405493,236567,1.71407255,6781.56219713,136.0,Configuración de atribución múltiple,-,-,-,,7.93557346,,5889.0,21821843.0,2025-11-28,2025-11-28,,,,,,
2025-11-27,,,,2529382,451077,261178,1.72708651,5607.42844348,109.0,Configuración de atribución múltiple,-,-,-,,6.19590003,,6391.0,15671798.0,2025-11-27,2025-11-27,,,,,,
2025-11-26,,,,2544236,516887,303925,1.70070577,4922.22864959,135.0,Configuración de atribución múltiple,-,-,-,,7.14612127,,7346.0,18181419.0,2025-11-26,2025-11-26,,,,,,
2025-11-25,,,,2523003,544471,315600,1.72519328,4633.86112392,108.0,Configuración de atribución múltiple,-,-,-,,6.02877761,,8164.0,15210624.0,2025-11-25,2025-11-25,,,,,,
2025-11-24,,,,1449445,375529,244638,1.53503953,3859.74185749,114.0,Configuración de atribución múltiple,-,-,-,,9.92530244,,6460.0,14386180.0,2025-11-24,2025-11-24,,,,,,
2025-11-23,,,,316746,85749,67809,1.26456665,3693.87398104,12.0,Configuración de atribución múltiple,-,-,-,,6.25768281,,1866.0,1982096.0,2025-11-23,2025-11-23,,,,,,
2025-11-22,,,,322060,79964,58554,1.36564539,4027.56240308,12.0,Configuración de atribución múltiple,-,-,-,,5.51136434,,1726.0,1774990.0,2025-11-22,2025-11-22,,,,,,
2025-11-21,,,,718286,201260,130284,1.5447791,3568.94564245,42.0,Configuración de atribución múltiple,-,-,-,,10.20854367,,3398.0,7332654.0,2025-11-21,2025-11-21,,,,,,
2025-11-20,,,,656022,186167,126064,1.47676577,3523.83612563,32.0,Configuración de atribución múltiple,-,-,-,,6.2752804,,3484.0,4116722.0,2025-11-20,2025-11-20,,,,,,
2025-11-19,,,,678714,213050,145743,1.46181978,3185.70288665,26.0,Configuración de atribución múltiple,-,-,-,,6.00948559,,3713.0,4078722.0,2025-11-19,2025-11-19,,,,,,
2025-11-18,,,,720707,221809,142708,1.55428567,3249.22343097,56.0,Configuración de atribución múltiple,-,-,-,,11.01534465,,4018.0,7938836.0,2025-11-18,2025-11-18,,,,,,
2025-11-17,,,,753603,229024,156772,1.46087312,3290.49793908,30.0,Configuración de atribución múltiple,-,-,-,,4.55833907,,3959.0,3435178.0,2025-11-17,2025-11-17,,,,,,
2025-11-16,,,,777013,209280,133293,1.57007495,3712.79147554,28.0,Configuración de atribución múltiple,-,-,-,,4.67878401,,4043.0,3635476.0,2025-11-16,2025-11-16,,,,,,
2025-11-15,,,,791441,206545,131728,1.56796581,3831.80904888,32.0,Configuración de atribución múltiple,-,-,-,,5.56172096,,3632.0,4401774.0,2025-11-15,2025-11-15,,,,,,
2025-11-14,,,,729282,193391,123496,1.56596975,3771.02347059,32.0,Configuración de atribución múltiple,-,-,-,,4.91313374,,3351.0,3583060.0,2025-11-14,2025-11-14,,,,,,
2025-11-13,,,,739260,200291,135966,1.47309622,3690.92969729,16.0,Configuración de atribución múltiple,-,-,-,,4.0366664,,3594.0,2984146.0,2025-11-13,2025-11-13,,,,,,
2025-11-12,,,,763795,192792,129186,1.49235985,3961.7567119,30.0,Configuración de atribución múltiple,-,-,-,,5.05773408,,3675.0,3863072.0,2025-11-12,2025-11-12,,,,,,
2025-11-11,,,,740859,214183,155210,1.37995619,3459.00001401,18.0,Configuración de atribución múltiple,-,-,-,,2.85781505,,3140.0,2117238.0,2025-11-11,2025-11-11,,,,,,
2025-11-10,,,,731172,208891,147505,1.41616216,3500.25611443,32.0,Configuración de atribución múltiple,-,-,-,,5.24710465,,3363.0,3836536.0,2025-11-10,2025-11-10,,,,,,
2025-11-09,,,,756664,214804,149507,1.43674878,3522.57872293,19.0,Configuración de atribución múltiple,-,-,-,,3.37454934,,3616.0,2553400.0,2025-11-09,2025-11-09,,,,,,
2025-11-08,,,,794975,220177,151718,1.4512253,3610.61782112,36.0,Configuración de atribución múltiple,-,-,-,,6.3260027,,3529.0,5029014.0,2025-11-08,2025-11-08,,,,,,
2025-11-07,,,,711479,200577,132491,1.51389151,3547.16143925,24.0,Configuración de atribución múltiple,-,-,-,,4.34016464,,3144.0,3087936.0,2025-11-07,2025-11-07,,,,,,
2025-11-06,,,,724953,205695,139933,1.46995348,3524.40749654,40.0,Configuración de atribución múltiple,-,-,-,,7.01782322,,3774.0,5087592.0,2025-11-06,2025-11-06,,,,,,
2025-11-05,,,,721094,212827,138572,1.53585862,3388.1697341,36.0,Configuración de atribución múltiple,-,-,-,,7.78117139,,3613.0,5610956.0,2025-11-05,2025-11-05,,,,,,
2025-11-04,,,,700275,244755,148084,1.65281192,2861.12643256,28.0,Configuración de atribución múltiple,-,-,-,,4.74116026,,4305.0,3320116.0,2025-11-04,2025-11-04,,,,,,
2025-11-03,,,,768244,269781,178392,1.51229315,2847.65791512,26.0,Configuración de atribución múltiple,-,-,-,,5.17094569,,4666.0,3972548.0,2025-11-03,2025-11-03,,,,,,
2025-11-02,,,,819706,275020,181621,1.51425221,2980.53232492,32.0,Configuración de atribución múltiple,-,-,-,,4.06461829,,5137.0,3331792.0,2025-11-02,2025-11-02,,,,,,
2025-11-01,,,,763972,251055,157670,1.59228135,3043.04634443,20.0,Configuración de atribución múltiple,-,-,-,,4.86072788,,4586.0,3713460.0,2025-11-01,2025-11-01,,,,,,
2025-10-31,,,,56689,9327,7416,1.25768608,6077.9457489,8.0,Configuración de atribución múltiple,-,-,-,,33.31305897,,212.0,1888484.0,2025-10-31,2025-10-31,,,,,,
2025-10-30,,,,161575,25943,18537,1.39952527,6228.0769379,6.0,Configuración de atribución múltiple,-,-,-,,3.81061427,,715.0,615700.0,2025-10-30,2025-10-30,,,,,,
2025-10-29,,,,182508,30885,21068,1.46596734,5909.27634774,8.0,Configuración de atribución múltiple,-,-,-,,4.09940386,,784.0,748174.0,2025-10-29,2025-10-29,,,,,,
2025-10-28,,,,429571,86084,54651,1.57515873,4990.13754008,54.0,Configuración de atribución múltiple,-,-,-,,16.36672401,,1852.0,7030670.0,2025-10-28,2025-10-28,,,,,,
2025-10-27,,,,471715,98012,62966,1.55658609,4812.82904134,40.0,Configuración de atribución múltiple,-,-,-,,9.04088698,,2042.0,4264722.0,2025-10-27,2025-10-27,,,,,,
2025-10-26,,,,499399,102495,60125,1.70469854,4872.42304503,39.0,Configuración de atribución múltiple,-,-,-,,8.49813075,,2123.0,4243958.0,2025-10-26,2025-10-26,,,,,,
2025-10-25,,,,477776,105666,66507,1.58879516,4521.56795942,18.0,Configuración de atribución múltiple,-,-,-,,3.96914454,,2125.0,1896362.0,2025-10-25,2025-10-25,,,,,,
2025-10-24,,,,456761,87722,54522,1.60892851,5206.91502702,17.0,Configuración de atribución múltiple,-,-,-,,4.91933856,,2143.0,2246962.0,2025-10-24,2025-10-24,,,,,,
2025-10-23,,,,441719,82675,49922,1.65608349,5342.83640762,27.0,Configuración de atribución múltiple,-,-,-,,8.32344545,,2093.0,3676624.0,2025-10-23,2025-10-23,,,,,,
2025-10-22,,,,476536,84729,52123,1.62555877,5624.23727413,21.0,Configuración de atribución múltiple,-,-,-,,5.67145399,,2392.0,2702652.0,2025-10-22,2025-10-22,,,,,,
2025-10-21,,,,460257,92604,61357,1.50926545,4970.16327588,18.0,Configuración de atribución múltiple,-,-,-,,4.79035408,,2301.0,2204794.0,2025-10-21,2025-10-21,,,,,,
2025-10-20,,,,978348,249336,150031,1.66189654,3923.81364905,68.0,Configuración de atribución múltiple,-,-,-,,10.55144591,,3674.0,10322986.0,2025-10-20,2025-10-20,,,,,,
2025-10-19,,,,1027938,269266,162898,1.65297303,3817.55587412,80.0,Configuración de atribución múltiple,-,-,-,,10.83925295,,4093.0,11142080.0,2025-10-19,2025-10-19,,,,,,
2025-10-18,,,,1018274,263249,163553,1.60956387,3868.10206307,51.0,Configuración de atribución múltiple,-,-,-,,6.12402556,,4261.0,6235936.0,2025-10-18,2025-10-18,,,,,,
2025-10-17,,,,932617,236653,147580,1.60355739,3940.86278222,39.0,Configuración de atribución múltiple,-,-,-,,4.67213443,,4178.0,4357312.0,2025-10-17,2025-10-17,,,,,,
2025-10-16,,,,1099062,271158,171554,1.58059853,4053.21620605,61.0,Configuración de atribución múltiple,-,-,-,,8.47941972,,4354.0,9319408.0,2025-10-16,2025-10-16,,,,,,
2025-10-15,,,,370258,101019,75505,1.3379114,3665.23129312,13.0,Configuración de atribución múltiple,-,-,-,,4.98838107,,1939.0,1846988.0,2025-10-15,2025-10-15,,,,,,
2025-10-14,,,,381069,107018,75982,1.40846516,3560.79351137,20.0,Configuración de atribución múltiple,-,-,-,,6.90082898,,2087.0,2629692.0,2025-10-14,2025-10-14,,,,,,
2025-10-13,,,,434002,123033,89826,1.36968138,3527.52513553,13.0,Configuración de atribución múltiple,-,-,-,,2.86630476,,2266.0,1243982.0,2025-10-13,2025-10-13,,,,,,
2025-10-12,,,,414456,119599,84599,1.41371647,3465.38014532,18.0,Configuración de atribución múltiple,-,-,-,,5.14170865,,2258.0,2131012.0,2025-10-12,2025-10-12,,,,,,
2025-10-11,,,,448667,121102,88546,1.3676733,3704.86862314,18.0,Configuración de atribución múltiple,-,-,-,,5.25591586,,2653.0,2358156.0,2025-10-11,2025-10-11,,,,,,
2025-10-10,,,,402783,118176,88489,1.33548803,3408.33164094,2.0,Configuración de atribución múltiple,-,-,-,,0.71706105,,2079.0,288820.0,2025-10-10,2025-10-10,,,,,,
2025-10-09,,,,387252,130011,97730,1.33030799,2978.60950227,10.0,Configuración de atribución múltiple,-,-,-,,5.300706,,2331.0,2052709.0,2025-10-09,2025-10-09,,,,,,
2025-10-08,,,,427835,156074,118072,1.32185446,2741.23172341,14.0,Configuración de atribución múltiple,-,-,-,,3.08260428,,2365.0,1318846.0,2025-10-08,2025-10-08,,,,,,
2025-10-07,,,,409359,145486,108146,1.34527398,2813.73465488,14.0,Configuración de atribución múltiple,-,-,-,,5.11459379,,2215.0,2093705.0,2025-10-07,2025-10-07,,,,,,
2025-10-06,,,,405980,142624,105675,1.3496475,2846.50549697,24.0,Configuración de atribución múltiple,-,-,-,,6.25348786,,2205.0,2538791.0,2025-10-06,2025-10-06,,,,,,
2025-10-05,,,,436231,144324,106188,1.35913663,3022.58113689,33.0,Configuración de atribución múltiple,-,-,-,,8.77902304,,2504.0,3829682.0,2025-10-05,2025-10-05,,,,,,
2025-10-04,,,,465137,129429,91512,1.4143391,3593.76183081,17.0,Configuración de atribución múltiple,-,-,-,,4.37058329,,2436.0,2032920.0,2025-10-04,2025-10-04,,,,,,
2025-10-03,,,,340370,89879,64430,1.39498681,3786.98027348,5.0,Configuración de atribución múltiple,-,-,-,,1.63022593,,1921.0,554880.0,2025-10-03,2025-10-03,,,,,,
2025-10-02,,,,0,0,0,0.0,,4.0,Configuración de atribución múltiple,-,-,-,,,,,505452.0,2025-10-02,2025-10-02,,,,,,
2025-10-01,,,,0,0,0,0.0,,2.0,Configuración de atribución múltiple,-,-,-,,,,,182528.0,2025-10-01,2025-10-01,,,,,,
2025-09-30,,,,88710,22512,18183,1.23807952,3940.56503198,18.0,Configuración de atribución múltiple,-,-,-,,24.15756961,,414.0,2143018.0,2025-09-30,2025-09-30,,,,,,
2025-09-29,,,,283527,83353,59993,1.38937876,3401.52124099,19.0,Configuración de atribución múltiple,-,-,-,,7.50764125,,1260.0,2128619.0,2025-09-29,2025-09-29,,,,,,
2025-09-28,,,,289938,83126,55709,1.49214669,3487.93397974,10.0,Configuración de atribución múltiple,-,-,-,,5.46863122,,1341.0,1585564.0,2025-09-28,2025-09-28,,,,,,
2025-09-27,,,,320318,90578,61325,1.4770159,3536.37748681,18.0,Configuración de atribución múltiple,-,-,-,,6.09405653,,1352.0,1952036.0,2025-09-27,2025-09-27,,,,,,
2025-09-26,,,,301269,76777,50295,1.52653345,3923.94857835,13.0,Configuración de atribución múltiple,-,-,-,,5.84725279,,1285.0,1761596.0,2025-09-26,2025-09-26,,,,,,
2025-09-25,,,,296752,77324,51666,1.49661286,3837.77352439,20.0,Configuración de atribución múltiple,-,-,-,,10.80093816,,1207.0,3205200.0,2025-09-25,2025-09-25,,,,,,
2025-09-24,,,,296266,81784,56013,1.46008962,3622.54230656,14.0,Configuración de atribución múltiple,-,-,-,,7.93975684,,1302.0,2352280.0,2025-09-24,2025-09-24,,,,,,
2025-09-23,,,,328829,88703,59534,1.48995532,3707.07867829,18.0,Configuración de atribución múltiple,-,-,-,,6.61892351,,1493.0,2176494.0,2025-09-23,2025-09-23,,,,,,
2025-09-22,,,,324230,89453,62940,1.42124245,3624.58497759,12.0,Configuración de atribución múltiple,-,-,-,,4.51742282,,1284.0,1464684.0,2025-09-22,2025-09-22,,,,,,
2025-09-21,,,,333212,96152,62969,1.52697359,3465.47133705,19.0,Configuración de atribución múltiple,-,-,-,,6.6167605,,1371.0,2204784.0,2025-09-21,2025-09-21,,,,,,
2025-09-20,,,,319339,92080,61856,1.48861873,3468.06038228,8.0,Configuración de atribución múltiple,-,-,-,,5.2442702,,1383.0,1674700.0,2025-09-20,2025-09-20,,,,,,
2025-09-19,,,,296070,83167,52495,1.58428422,3559.94565152,8.0,Configuración de atribución múltiple,-,-,-,,4.5356132,,1399.0,1342859.0,2025-09-19,2025-09-19,,,,,,
2025-09-18,,,,306376,80983,54198,1.49420643,3783.21376091,14.0,Configuración de atribución múltiple,-,-,-,,5.835555,,1391.0,1787874.0,2025-09-18,2025-09-18,,,,,,
2025-09-17,,,,411515,117653,76096,1.5461128,3497.70086611,22.0,Configuración de atribución múltiple,-,-,-,,6.1238837,,1637.0,2520070.0,2025-09-17,2025-09-17,,,,,,
2025-09-16,,,,447761,130985,75537,1.73405086,3418.41432225,12.0,Configuración de atribución múltiple,-,-,-,,2.20389449,,1802.0,986818.0,2025-09-16,2025-09-16,,,,,,
2025-09-15,,,,411137,128805,84906,1.5170306,3191.93354295,30.0,Configuración de atribución múltiple,-,-,-,,7.59012446,,1954.0,3120581.0,2025-09-15,2025-09-15,,,,,,
2025-09-14,,,,452177,148316,97231,1.52539828,3048.74052698,32.0,Configuración de atribución múltiple,-,-,-,,10.2571294,,2079.0,4638038.0,2025-09-14,2025-09-14,,,,,,
2025-09-13,,,,463709,145179,89613,1.62006629,3194.05010367,19.0,Configuración de atribución múltiple,-,-,-,,7.47960467,,2018.0,3468360.0,2025-09-13,2025-09-13,,,,,,
2025-09-12,,,,453296,147982,91597,1.61557693,3063.18336014,12.0,Configuración de atribución múltiple,-,-,-,,4.11846123,,1855.0,1866882.0,2025-09-12,2025-09-12,,,,,,
2025-09-11,,,,418744,142374,93100,1.52925886,2941.15498616,14.0,Configuración de atribución múltiple,-,-,-,,4.76420438,,1962.0,1994982.0,2025-09-11,2025-09-11,,,,,,
2025-09-10,,,,412666,141343,88070,1.60489383,2919.60691368,16.0,Configuración de atribución múltiple,-,-,-,,6.38143196,,1810.0,2633400.0,2025-09-10,2025-09-10,,,,,,
2025-09-09,,,,436613,135482,81715,1.65798201,3222.66426536,25.0,Configuración de atribución múltiple,-,-,-,,8.17262656,,1971.0,3568275.0,2025-09-09,2025-09-09,,,,,,
2025-09-08,,,,428867,146260,92567,1.58004472,2932.22343771,21.0,Configuración de atribución múltiple,-,-,-,,6.35549483,,2073.0,2725662.0,2025-09-08,2025-09-08,,,,,,
2025-09-07,,,,460915,145242,93480,1.55372272,3173.42779637,32.0,Configuración de atribución múltiple,-,-,-,,8.64129395,,2164.0,3982902.0,2025-09-07,2025-09-07,,,,,,
2025-09-06,,,,455300,133730,87626,1.52614521,3404.62125178,45.0,Configuración de atribución múltiple,-,-,-,,15.34172194,,2160.0,6985086.0,2025-09-06,2025-09-06,,,,,,
2025-09-05,,,,420964,118626,73288,1.61862788,3548.66555393,14.0,Configuración de atribución múltiple,-,-,-,,5.03372735,,2002.0,2119018.0,2025-09-05,2025-09-05,,,,,,
2025-09-04,,,,420201,108896,71065,1.53234363,3858.73677637,20.0,Configuración de atribución múltiple,-,-,-,,7.24711745,,2204.0,3045246.0,2025-09-04,2025-09-04,,,,,,
2025-09-03,,,,412186,109908,67185,1.63590087,3750.28205408,20.0,Configuración de atribución múltiple,-,-,-,,4.9502215,,2142.0,2040412.0,2025-09-03,2025-09-03,,,,,,
2025-09-02,,,,155926,47741,38147,1.25150077,3266.08156511,6.0,Configuración de atribución múltiple,-,-,-,,6.52249144,,926.0,1017026.0,2025-09-02,2025-09-02,,,,,,
2025-09-01,,,,0,0,0,0.0,,15.0,Configuración de atribución múltiple,-,-,-,,,,,2842548.0,2025-09-01,2025-09-01,,,,,,
2025-08-31,,,,3129126,797291,485252,1.64304526,3924.69750693,91.0,Configuración de atribución múltiple,-,-,-,,3.82605558,,8822.0,11972210.0,2025-08-31,2025-08-31,,,,,,
2025-08-30,,,,3553806,890832,523263,1.70245555,3989.3111159,78.0,Configuración de atribución múltiple,-,-,-,,3.04373142,,10450.0,10816831.0,2025-08-30,2025-08-30,,,,,,
2025-08-29,,,,2630629,574015,364883,1.57314811,4582.85759083,64.0,Configuración de atribución múltiple,-,-,-,,2.85007046,,7272.0,7497478.0,2025-08-29,2025-08-29,,,,,,
2025-08-28,,,,901517,234661,146527,1.60148642,3841.78453173,84.0,Configuración de atribución múltiple,-,-,-,,12.0330798,,3701.0,10848026.0,2025-08-28,2025-08-28,,,,,,
2025-08-27,,,,958972,252201,159528,1.58091996,3802.41156855,77.0,Configuración de atribución múltiple,-,-,-,,9.54389701,,3919.0,9152330.0,2025-08-27,2025-08-27,,,,,,
2025-08-26,,,,955634,264584,160968,1.64370558,3611.83593868,69.0,Configuración de atribución múltiple,-,-,-,,8.50579197,,3830.0,8128424.0,2025-08-26,2025-08-26,,,,,,
2025-08-25,,,,922549,274910,169090,1.62582057,3355.82190535,44.0,Configuración de atribución múltiple,-,-,-,,6.5719371,,3899.0,6062934.0,2025-08-25,2025-08-25,,,,,,
2025-08-24,,,,999780,303745,188658,1.61002979,3291.51097137,51.0,Configuración de atribución múltiple,-,-,-,,7.563652,,4418.0,7561988.0,2025-08-24,2025-08-24,,,,,,
2025-08-23,,,,1049277,306067,188034,1.62772158,3428.25917201,53.0,Configuración de atribución múltiple,-,-,-,,5.90271968,,4308.0,6193588.0,2025-08-23,2025-08-23,,,,,,
2025-08-22,,,,961020,282491,179237,1.57607525,3401.94908864,55.0,Configuración de atribución múltiple,-,-,-,,7.13606168,,3975.0,6857898.0,2025-08-22,2025-08-22,,,,,,
2025-08-21,,,,977490,272402,178487,1.52617277,3588.40977673,42.0,Configuración de atribución múltiple,-,-,-,,4.64778054,,4068.0,4543159.0,2025-08-21,2025-08-21,,,,,,
2025-08-20,,,,961873,279121,178420,1.56440421,3446.07894067,66.0,Configuración de atribución múltiple,-,-,-,,7.91859736,,3965.0,7616685.0,2025-08-20,2025-08-20,,,,,,
2025-08-19,,,,935793,282486,186698,1.51306388,3312.70576241,56.0,Configuración de atribución múltiple,-,-,-,,7.57398271,,3672.0,7087680.0,2025-08-19,2025-08-19,,,,,,
2025-08-18,,,,1045429,343499,222222,1.54574705,3043.47028667,64.0,Configuración de atribución múltiple,-,-,-,,6.81552741,,4290.0,7125150.0,2025-08-18,2025-08-18,,,,,,
2025-08-17,,,,1021480,301869,192105,1.57137503,3383.85193577,49.0,Configuración de atribución múltiple,-,-,-,,5.6546834,,4050.0,5776146.0,2025-08-17,2025-08-17,,,,,,
2025-08-16,,,,1059636,292276,195401,1.49577535,3625.4636029,62.0,Configuración de atribución múltiple,-,-,-,,7.34010075,,4114.0,7777835.0,2025-08-16,2025-08-16,,,,,,
2025-08-15,,,,967404,263140,162859,1.6157535,3676.38519419,66.0,Configuración de atribución múltiple,-,-,-,,7.52119073,,3764.0,7276030.0,2025-08-15,2025-08-15,,,,,,
2025-08-14,,,,986537,288579,181396,1.59087852,3418.60287824,53.0,Configuración de atribución múltiple,-,-,-,,6.41744202,,3937.0,6331044.0,2025-08-14,2025-08-14,,,,,,
2025-08-13,,,,983044,296033,186397,1.58818543,3320.7243787,56.0,Configuración de atribución múltiple,-,-,-,,8.54428896,,3979.0,8399412.0,2025-08-13,2025-08-13,,,,,,
2025-08-12,,,,1042755,341184,214406,1.59129875,3056.28341306,79.0,Configuración de atribución múltiple,-,-,-,,9.48064886,,4232.0,9885994.0,2025-08-12,2025-08-12,,,,,,
2025-08-11,,,,1005821,321483,197665,1.62640326,3128.6910972,68.0,Configuración de atribución múltiple,-,-,-,,8.17899905,,4100.0,8226609.0,2025-08-11,2025-08-11,,,,,,
2025-08-10,,,,1007848,319340,206266,1.54819505,3156.03432079,63.0,Configuración de atribución múltiple,-,-,-,,7.30730428,,4459.0,7364652.0,2025-08-10,2025-08-10,,,,,,
2025-08-09,,,,1047589,317180,204186,1.5533876,3302.8217416,47.0,Configuración de atribución múltiple,-,-,-,,4.72849467,,4664.0,4953519.0,2025-08-09,2025-08-09,,,,,,
2025-08-08,,,,1003108,290201,185205,1.56691774,3456.59732392,57.0,Configuración de atribución múltiple,-,-,-,,5.76200768,,4436.0,5779916.0,2025-08-08,2025-08-08,,,,,,
2025-08-07,,,,1053483,277003,169430,1.63491117,3803.14653632,68.0,Configuración de atribución múltiple,-,-,-,,6.77780277,,4670.0,7140300.0,2025-08-07,2025-08-07,,,,,,
2025-08-06,,,,978507,271211,173462,1.56351823,3607.91782044,86.0,Configuración de atribución múltiple,-,-,-,,9.59774738,,4917.0,9391463.0,2025-08-06,2025-08-06,,,,,,
2025-08-05,,,,412864,98530,64302,1.53230071,4190.2364762,21.0,Configuración de atribución múltiple,-,-,-,,6.78482503,,1760.0,2801210.0,2025-08-05,2025-08-05,,,,,,
2025-08-04,,,,389132,103705,70697,1.46689393,3752.297382,10.0,Configuración de atribución múltiple,-,-,-,,3.15072006,,1969.0,1226046.0,2025-08-04,2025-08-04,,,,,,
2025-08-03,,,,415788,120556,83015,1.45221948,3448.92000398,22.0,Configuración de atribución múltiple,-,-,-,,6.18085419,,2072.0,2569925.0,2025-08-03,2025-08-03,,,,,,
2025-08-02,,,,419561,89150,58397,1.52661952,4706.23667975,27.0,Configuración de atribución múltiple,-,-,-,,7.90964127,,1753.0,3318577.0,2025-08-02,2025-08-02,,,,,,
2025-08-01,,,,374450,90736,60183,1.50766828,4126.80744137,20.0,Configuración de atribución múltiple,-,-,-,,6.54228335,,1792.0,2449758.0,2025-08-01,2025-08-01,,,,,,
2025-07-31,,,,61225,13801,11253,1.22642851,4436.27273386,6.0,Configuración de atribución múltiple,-,-,-,,12.98890976,,316.0,795246.0,2025-07-31,2025-07-31,,,,,,
2025-07-30,,,,260646,50242,36040,1.39406215,5187.81099479,13.0,Configuración de atribución múltiple,-,-,-,,4.92649034,,981.0,1284070.0,2025-07-30,2025-07-30,,,,,,
2025-07-29,,,,630018,170721,117050,1.45853054,3690.33686541,56.0,Configuración de atribución múltiple,-,-,-,,9.94434445,,2666.0,6265116.0,2025-07-29,2025-07-29,,,,,,
2025-07-28,,,,637100,191141,131738,1.45091773,3333.14150287,37.0,Configuración de atribución múltiple,-,-,-,,7.37742898,,2890.0,4700160.0,2025-07-28,2025-07-28,,,,,,
2025-07-27,,,,650959,198970,143402,1.38749808,3271.64396643,21.0,Configuración de atribución múltiple,-,-,-,,4.05690067,,3268.0,2640876.0,2025-07-27,2025-07-27,,,,,,
2025-07-26,,,,725997,198494,138349,1.4347339,3657.52617208,19.0,Configuración de atribución múltiple,-,-,-,,2.78578424,,3319.0,2022471.0,2025-07-26,2025-07-26,,,,,,
2025-07-25,,,,755716,187746,132150,1.42070375,4025.20426534,35.0,Configuración de atribución múltiple,-,-,-,,5.10859238,,3425.0,3860645.0,2025-07-25,2025-07-25,,,,,,
2025-07-24,,,,700347,191528,133854,1.43087244,3656.62984002,42.0,Configuración de atribución múltiple,-,-,-,,6.43304962,,3584.0,4505367.0,2025-07-24,2025-07-24,,,,,,
2025-07-23,,,,722079,181416,129099,1.40524714,3980.2387882,31.0,Configuración de atribución múltiple,-,-,-,,5.76022568,,3847.0,4159338.0,2025-07-23,2025-07-23,,,,,,
2025-07-22,,,,792077,180455,130284,1.3850895,4389.33252057,37.0,Configuración de atribución múltiple,-,-,-,,6.85804537,,3635.0,5432100.0,2025-07-22,2025-07-22,,,,,,
2025-07-21,,,,718164,193327,140569,1.37531746,3714.76306982,45.0,Configuración de atribución múltiple,-,-,-,,7.12431005,,3497.0,5116423.0,2025-07-21,2025-07-21,,,,,,
2025-07-20,,,,743908,202050,148936,1.35662298,3681.80153427,40.0,Configuración de atribución múltiple,-,-,-,,6.33969254,,4039.0,4716148.0,2025-07-20,2025-07-20,,,,,,
2025-07-19,,,,765221,202657,133532,1.51766618,3775.94161564,52.0,Configuración de atribución múltiple,-,-,-,,7.91919459,,4280.0,6059934.0,2025-07-19,2025-07-19,,,,,,
2025-07-18,,,,750176,185055,127207,1.45475485,4053.80022156,61.0,Configuración de atribución múltiple,-,-,-,,8.84546027,,4392.0,6635652.0,2025-07-18,2025-07-18,,,,,,
2025-07-17,,,,279256,58757,42335,1.38790599,4752.72733462,24.0,Configuración de atribución múltiple,-,-,-,,8.75590856,,1411.0,2445140.0,2025-07-17,2025-07-17,,,,,,
2025-07-16,,,,277887,59081,43027,1.37311456,4703.49181632,11.0,Configuración de atribución múltiple,-,-,-,,4.11681727,,1288.0,1144010.0,2025-07-16,2025-07-16,,,,,,
2025-07-15,,,,460314,119994,86457,1.38790381,3836.14180709,18.0,Configuración de atribución múltiple,-,-,-,,5.83180394,,2046.0,2684461.0,2025-07-15,2025-07-15,,,,,,
2025-07-14,,,,480546,135089,93759,1.44081102,3557.2548468,16.0,Configuración de atribución múltiple,-,-,-,,4.35187474,,2255.0,2091276.0,2025-07-14,2025-07-14,,,,,,
2025-07-13,,,,487419,134768,90675,1.48627516,3616.72652262,24.0,Configuración de atribución múltiple,-,-,-,,5.57441544,,2256.0,2717076.0,2025-07-13,2025-07-13,,,,,,
2025-07-12,,,,476347,127975,84042,1.52275053,3722.18792733,14.0,Configuración de atribución múltiple,-,-,-,,2.03280382,,2155.0,968320.0,2025-07-12,2025-07-12,,,,,,
2025-07-11,,,,324740,85173,65972,1.29104772,3812.71060078,10.0,Configuración de atribución múltiple,-,-,-,,3.23416887,,1130.0,1050264.0,2025-07-11,2025-07-11,,,,,,
2025-07-10,,,,0,0,0,0.0,,6.0,Configuración de atribución múltiple,-,-,-,,,,,832856.0,2025-07-10,2025-07-10,,,,,,
2025-07-09,,,,14233,4619,4082,1.13155316,3081.40290106,8.0,Configuración de atribución múltiple,-,-,-,,45.66964098,,98.0,650016.0,2025-07-09,2025-07-09,,,,,,
2025-07-08,,,,382550,105951,70884,1.49470967,3610.63132958,19.0,Configuración de atribución múltiple,-,-,-,,4.62846687,,1670.0,1770620.0,2025-07-08,2025-07-08,,,,,,
2025-07-07,,,,391253,124223,83674,1.48460693,3149.60192557,19.0,Configuración de atribución múltiple,-,-,-,,6.7953217,,1938.0,2658690.0,2025-07-07,2025-07-07,,,,,,
2025-07-06,,,,387497,128493,82562,1.55632131,3015.70513569,19.0,Configuración de atribución múltiple,-,-,-,,7.11900479,,1921.0,2758593.0,2025-07-06,2025-07-06,,,,,,
2025-07-05,,,,405923,124882,79771,1.56550626,3250.45242709,10.0,Configuración de atribución múltiple,-,-,-,,3.03765,,1965.0,1233052.0,2025-07-05,2025-07-05,,,,,,
2025-07-04,,,,391521,112542,70392,1.59878964,3478.88788186,12.0,Configuración de atribución múltiple,-,-,-,,4.43832898,,1971.0,1737699.0,2025-07-04,2025-07-04,,,,,,
2025-07-03,,,,363132,89342,58327,1.53174345,4064.51612903,18.0,Configuración de atribución múltiple,-,-,-,,5.37878237,,1539.0,1953208.0,2025-07-03,2025-07-03,,,,,,
2025-07-02,,,,338320,98392,72141,1.36388461,3438.49093422,11.0,Configuración de atribución múltiple,-,-,-,,4.01419366,,1731.0,1358082.0,2025-07-02,2025-07-02,,,,,,
2025-07-01,,,,164307,52017,39714,1.30979,3158.71734241,7.0,Configuración de atribución múltiple,-,-,-,,5.53437163,,896.0,909336.0,2025-07-01,2025-07-01,,,,,,
2025-06-30,,,,265156,75946,57945,1.31065666,3491.37545098,16.0,Configuración de atribución múltiple,-,-,-,,7.7033897,,976.0,2042600.0,2025-06-30,2025-06-30,,,,,,
2025-06-29,,,,793263,217556,137014,1.58783774,3646.24740297,27.0,Configuración de atribución múltiple,-,-,-,,4.10596864,,2818.0,3257113.0,2025-06-29,2025-06-29,,,,,,
2025-06-28,,,,816843,212287,133091,1.59505151,3847.82393646,27.0,Configuración de atribución múltiple,-,-,-,,4.01603491,,2947.0,3280470.0,2025-06-28,2025-06-28,,,,,,
2025-06-27,,,,602324,179500,131328,1.36680677,3355.56545961,27.0,Configuración de atribución múltiple,-,-,-,,5.89773278,,2174.0,3552346.0,2025-06-27,2025-06-27,,,,,,
2025-06-26,,,,760168,234374,168527,1.39072077,3243.39730516,14.0,Configuración de atribución múltiple,-,-,-,,2.46971459,,2895.0,1877398.0,2025-06-26,2025-06-26,,,,,,
2025-06-25,,,,753332,197158,133704,1.47458565,3820.95578166,28.0,Configuración de atribución múltiple,-,-,-,,5.13318431,,2752.0,3866992.0,2025-06-25,2025-06-25,,,,,,
2025-06-24,,,,760349,224997,155656,1.44547592,3379.37394721,37.0,Configuración de atribución múltiple,-,-,-,,6.7074909,,2880.0,5100034.0,2025-06-24,2025-06-24,,,,,,
2025-06-23,,,,831409,261382,178157,1.46714415,3180.81964328,39.0,Configuración de atribución múltiple,-,-,-,,5.28704043,,3333.0,4395693.0,2025-06-23,2025-06-23,,,,,,
2025-06-22,,,,823803,245993,166404,1.47828778,3348.88797649,20.0,Configuración de atribución múltiple,-,-,-,,4.51811416,,3313.0,3722036.0,2025-06-22,2025-06-22,,,,,,
2025-06-21,,,,804698,238805,163348,1.46194015,3369.68656435,16.0,Configuración de atribución múltiple,-,-,-,,3.43351419,,3063.0,2762942.0,2025-06-21,2025-06-21,,,,,,
2025-06-20,,,,771290,223363,148601,1.50310563,3453.0786209,22.0,Configuración de atribución múltiple,-,-,-,,2.95484707,,2881.0,2279044.0,2025-06-20,2025-06-20,,,,,,
2025-06-19,,,,773165,231359,152938,1.51276334,3341.84103493,24.0,Configuración de atribución múltiple,-,-,-,,3.94403006,,3030.0,3049386.0,2025-06-19,2025-06-19,,,,,,
2025-06-18,,,,1298388,331413,199089,1.66464747,3917.73406595,37.0,Configuración de atribución múltiple,-,-,-,,3.21260132,,4504.0,4171203.0,2025-06-18,2025-06-18,,,,,,
2025-06-17,,,,972826,323743,228011,1.41985694,3004.93292519,24.0,Configuración de atribución múltiple,-,-,-,,3.06712608,,3390.0,2983780.0,2025-06-17,2025-06-17,,,,,,
2025-06-16,,,,1112086,306408,189334,1.61834641,3629.42873554,20.0,Configuración de atribución múltiple,-,-,-,,2.06027771,,3894.0,2291206.0,2025-06-16,2025-06-16,,,,,,
2025-06-15,,,,1234986,347788,211537,1.64410009,3550.97358161,39.0,Configuración de atribución múltiple,-,-,-,,4.28641701,,4200.0,5293665.0,2025-06-15,2025-06-15,,,,,,
2025-06-14,,,,1274468,348274,210558,1.65405257,3659.38312938,31.0,Configuración de atribución múltiple,-,-,-,,2.66133948,,4407.0,3391792.0,2025-06-14,2025-06-14,,,,,,
2025-06-13,,,,1229630,316379,195430,1.61888656,3886.57274977,30.0,Configuración de atribución múltiple,-,-,-,,2.81156201,,4223.0,3457181.0,2025-06-13,2025-06-13,,,,,,
2025-06-12,,,,1179449,307974,186018,1.65561397,3829.70315676,40.0,Configuración de atribución múltiple,-,-,-,,4.04188905,,4281.0,4767202.0,2025-06-12,2025-06-12,,,,,,
2025-06-11,,,,1135024,331504,200526,1.65317216,3423.86215551,20.0,Configuración de atribución múltiple,-,-,-,,2.0449594,,4392.0,2321078.0,2025-06-11,2025-06-11,,,,,,
2025-06-10,,,,748862,291126,185482,1.5695647,2572.29515742,33.0,Configuración de atribución múltiple,-,-,-,,5.35874166,,3417.0,4012958.0,2025-06-10,2025-06-10,,,,,,
2025-06-09,,,,764076,298334,189869,1.57126229,2561.14288013,19.0,Configuración de atribución múltiple,-,-,-,,3.34801512,,3702.0,2558138.0,2025-06-09,2025-06-09,,,,,,
2025-06-08,,,,795253,316851,202836,1.56210436,2509.86425796,36.0,Configuración de atribución múltiple,-,-,-,,6.7506215,,3630.0,5368452.0,2025-06-08,2025-06-08,,,,,,
2025-06-07,,,,818870,294428,190809,1.5430509,2781.22325322,53.0,Configuración de atribución múltiple,-,-,-,,7.76483691,,3909.0,6358392.0,2025-06-07,2025-06-07,,,,,,
2025-06-06,,,,786420,257763,169364,1.52194681,3050.94214453,32.0,Configuración de atribución múltiple,-,-,-,,5.92722718,,3847.0,4661290.0,2025-06-06,2025-06-06,,,,,,
2025-06-05,,,,712370,241387,167238,1.44337411,2951.15312755,26.0,Configuración de atribución múltiple,-,-,-,,4.80968879,,3625.0,3426278.0,2025-06-05,2025-06-05,,,,,,
2025-06-04,,,,649444,204431,139743,1.46290691,3176.83717244,24.0,Configuración de atribución múltiple,-,-,-,,4.38289368,,4092.0,2846444.0,2025-06-04,2025-06-04,,,,,,
2025-06-03,,,,747140,237339,159774,1.48546697,3147.98663515,14.0,Configuración de atribución múltiple,-,-,-,,1.73740129,,4861.0,1298082.0,2025-06-03,2025-06-03,,,,,,
2025-06-02,,,,819549,226847,139231,1.62928514,3612.78306524,38.0,Configuración de atribución múltiple,-,-,-,,3.72487063,,4466.0,3052714.0,2025-06-02,2025-06-02,,,,,,
2025-06-01,,,,836741,250472,165331,1.51497299,3340.65683989,58.0,Configuración de atribución múltiple,-,-,-,,6.3756001,,4918.0,5334726.0,2025-06-01,2025-06-01,,,,,,
2025-05-31,,,,590147,138097,104949,1.31584865,4273.42375287,38.0,Configuración de atribución múltiple,-,-,-,,8.73635552,,2323.0,5155734.0,2025-05-31,2025-05-31,,,,,,
2025-05-30,,,,992650,270466,188458,1.43515266,3670.14707949,43.0,Configuración de atribución múltiple,-,-,-,,5.95365637,,4165.0,5909897.0,2025-05-30,2025-05-30,,,,,,
2025-05-29,,,,961673,258280,173880,1.48539222,3723.37385783,28.0,Configuración de atribución múltiple,-,-,-,,4.21591123,,4142.0,4054328.0,2025-05-29,2025-05-29,,,,,,
2025-05-28,,,,685654,199084,133292,1.49359301,3444.04372024,38.0,Configuración de atribución múltiple,-,-,-,,7.12429301,,3028.0,4884800.0,2025-05-28,2025-05-28,,,,,,
2025-05-27,,,,695784,200306,125813,1.59209303,3473.60538376,24.0,Configuración de atribución múltiple,-,-,-,,3.96388247,,2836.0,2758006.0,2025-05-27,2025-05-27,,,,,,
2025-05-26,,,,697903,209977,138638,1.51457032,3323.71164461,23.0,Configuración de atribución múltiple,-,-,-,,3.95442203,,3232.0,2759803.0,2025-05-26,2025-05-26,,,,,,
2025-05-25,,,,750470,209887,137626,1.52505341,3575.59067498,30.0,Configuración de atribución múltiple,-,-,-,,4.27215212,,2973.0,3206122.0,2025-05-25,2025-05-25,,,,,,
2025-05-24,,,,764141,227781,149421,1.52442428,3354.71790887,16.0,Configuración de atribución múltiple,-,-,-,,2.11310478,,3324.0,1614710.0,2025-05-24,2025-05-24,,,,,,
2025-05-23,,,,674471,188783,126519,1.49213162,3572.73165486,17.0,Configuración de atribución múltiple,-,-,-,,3.66930676,,2957.0,2474841.0,2025-05-23,2025-05-23,,,,,,
2025-05-22,,,,703701,211901,141913,1.4931754,3320.89513499,14.0,Configuración de atribución múltiple,-,-,-,,3.29787793,,3353.0,2320720.0,2025-05-22,2025-05-22,,,,,,
2025-05-21,,,,688202,199340,132703,1.50215142,3452.40292967,22.0,Configuración de atribución múltiple,-,-,-,,4.10706304,,2975.0,2826489.0,2025-05-21,2025-05-21,,,,,,
2025-05-20,,,,737385,226601,152763,1.48335003,3254.11185299,12.0,Configuración de atribución múltiple,-,-,-,,2.22684758,,2852.0,1642044.0,2025-05-20,2025-05-20,,,,,,
2025-05-19,,,,705653,215620,139230,1.54866049,3272.66951118,31.0,Configuración de atribución múltiple,-,-,-,,5.17380781,,3306.0,3650913.0,2025-05-19,2025-05-19,,,,,,
2025-05-18,,,,1102456,335349,217060,1.54495992,3287.4885567,30.0,Configuración de atribución múltiple,-,-,-,,2.97026639,,4729.0,3274588.0,2025-05-18,2025-05-18,,,,,,
2025-05-17,,,,1089115,273668,177756,1.5395711,3979.69437421,29.0,Configuración de atribución múltiple,-,-,-,,2.62198574,,4119.0,2855644.0,2025-05-17,2025-05-17,,,,,,
2025-05-16,,,,984959,255333,166791,1.53085598,3857.54681142,46.0,Configuración de atribución múltiple,-,-,-,,4.53953515,,3875.0,4471256.0,2025-05-16,2025-05-16,,,,,,
2025-05-15,,,,704891,201383,134800,1.49393917,3500.25076595,22.0,Configuración de atribución múltiple,-,-,-,,3.64988913,,2707.0,2572774.0,2025-05-15,2025-05-15,,,,,,
2025-05-14,,,,675353,199106,135656,1.46772719,3391.9269133,21.0,Configuración de atribución múltiple,-,-,-,,3.44928948,,2836.0,2329488.0,2025-05-14,2025-05-14,,,,,,
2025-05-13,,,,700793,215149,147562,1.45802442,3257.24497906,29.0,Configuración de atribución múltiple,-,-,-,,4.64076268,,3316.0,3252214.0,2025-05-13,2025-05-13,,,,,,
2025-05-12,,,,755046,255656,168827,1.51430755,2953.36702444,12.0,Configuración de atribución múltiple,-,-,-,,1.10720406,,3352.0,835990.0,2025-05-12,2025-05-12,,,,,,
2025-05-11,,,,733244,289668,201807,1.43537142,2531.32551749,28.0,Configuración de atribución múltiple,-,-,-,,5.13404542,,3169.0,3764508.0,2025-05-11,2025-05-11,,,,,,
2025-05-10,,,,737718,279683,189764,1.47384646,2637.69338859,16.0,Configuración de atribución múltiple,-,-,-,,3.08258169,,3460.0,2274076.0,2025-05-10,2025-05-10,,,,,,
2025-05-09,,,,701878,255818,171303,1.49336556,2743.66150935,18.0,Configuración de atribución múltiple,-,-,-,,2.6974346,,3313.0,1893270.0,2025-05-09,2025-05-09,,,,,,
2025-05-08,,,,712525,254703,172018,1.48067644,2797.47392061,21.0,Configuración de atribución múltiple,-,-,-,,4.38785727,,3153.0,3126458.0,2025-05-08,2025-05-08,,,,,,
2025-05-07,,,,712350,226447,149890,1.51075455,3145.76920869,27.0,Configuración de atribución múltiple,-,-,-,,4.56126904,,3008.0,3249220.0,2025-05-07,2025-05-07,,,,,,
2025-05-06,,,,709809,222463,142107,1.56546124,3190.68339454,42.0,Configuración de atribución múltiple,-,-,-,,7.34519004,,3053.0,5213682.0,2025-05-06,2025-05-06,,,,,,
2025-05-05,,,,652584,245368,165445,1.48307897,2659.61331551,28.0,Configuración de atribución múltiple,-,-,-,,5.3821577,,3324.0,3512310.0,2025-05-05,2025-05-05,,,,,,
2025-05-04,,,,720910,244382,161517,1.51304197,2949.93084597,26.0,Configuración de atribución múltiple,-,-,-,,4.89876684,,3718.0,3531570.0,2025-05-04,2025-05-04,,,,,,
2025-05-03,,,,704106,224328,149619,1.49932829,3138.73435327,36.0,Configuración de atribución múltiple,-,-,-,,6.93641014,,3673.0,4883968.0,2025-05-03,2025-05-03,,,,,,
2025-05-02,,,,399943,127223,94006,1.35334979,3143.63754981,18.0,Configuración de atribución múltiple,-,-,-,,5.66471222,,1694.0,2265562.0,2025-05-02,2025-05-02,,,,,,
2025-05-01,,,,0,0,0,0.0,,2.0,Configuración de atribución múltiple,-,-,-,,,,,180600.0,2025-05-01,2025-05-01,,,,,,
2025-04-30,,,,129720,28285,21941,1.28913905,4586.1764186,8.0,Configuración de atribución múltiple,-,-,-,,6.28968548,,415.0,815898.0,2025-04-30,2025-04-30,,,,,,
2025-04-29,,,,347454,96153,65562,1.4665965,3613.55339927,12.0,Configuración de atribución múltiple,-,-,-,,6.99157299,,1289.0,2429250.0,2025-04-29,2025-04-29,,,,,,
2025-04-28,,,,362115,107610,75555,1.42426047,3365.0683022,19.0,Configuración de atribución múltiple,-,-,-,,8.13534374,,1424.0,2945930.0,2025-04-28,2025-04-28,,,,,,
2025-04-27,,,,610292,196731,140918,1.39606722,3102.16488505,25.0,Configuración de atribución múltiple,-,-,-,,5.88540404,,2541.0,3591815.0,2025-04-27,2025-04-27,,,,,,
2025-04-26,,,,618916,200396,134545,1.48943476,3088.46483962,19.0,Configuración de atribución múltiple,-,-,-,,3.70698932,,2673.0,2294315.0,2025-04-26,2025-04-26,,,,,,
2025-04-25,,,,625813,186850,129898,1.43843631,3349.28017126,18.0,Configuración de atribución múltiple,-,-,-,,5.47346252,,2351.0,3425364.0,2025-04-25,2025-04-25,,,,,,
2025-04-24,,,,632843,182908,121283,1.50810913,3459.89787215,26.0,Configuración de atribución múltiple,-,-,-,,4.40414131,,2369.0,2787130.0,2025-04-24,2025-04-24,,,,,,
2025-04-23,,,,595807,184918,124328,1.48733994,3222.00651099,18.0,Configuración de atribución múltiple,-,-,-,,3.42158115,,2454.0,2038602.0,2025-04-23,2025-04-23,,,,,,
2025-04-22,,,,588295,180491,123355,1.46318349,3259.41459685,21.0,Configuración de atribución múltiple,-,-,-,,4.36265479,,2488.0,2566528.0,2025-04-22,2025-04-22,,,,,,
2025-04-21,,,,631277,215690,138451,1.55787968,2926.77917381,25.0,Configuración de atribución múltiple,-,-,-,,5.44399685,,3205.0,3436670.0,2025-04-21,2025-04-21,,,,,,
2025-04-20,,,,409451,141443,102428,1.38090171,2894.81275143,25.0,Configuración de atribución múltiple,-,-,-,,8.96114065,,2049.0,3669148.0,2025-04-20,2025-04-20,,,,,,
2025-04-19,,,,388404,137557,95650,1.43812859,2823.58585895,12.0,Configuración de atribución múltiple,-,-,-,,3.22279379,,1967.0,1251746.0,2025-04-19,2025-04-19,,,,,,
2025-04-18,,,,393792,140540,96505,1.4562976,2801.99231536,12.0,Configuración de atribución múltiple,-,-,-,,4.36834166,,2007.0,1720218.0,2025-04-18,2025-04-18,,,,,,
2025-04-17,,,,391309,128052,83723,1.52947219,3055.86011933,10.0,Configuración de atribución múltiple,-,-,-,,3.02044676,,1833.0,1181928.0,2025-04-17,2025-04-17,,,,,,
2025-04-16,,,,387098,112804,75742,1.489319,3431.59817028,13.0,Configuración de atribución múltiple,-,-,-,,4.50195558,,1741.0,1742698.0,2025-04-16,2025-04-16,,,,,,
2025-04-15,,,,387750,107238,72076,1.48784616,3615.78917921,14.0,Configuración de atribución múltiple,-,-,-,,5.03671954,,1792.0,1952988.0,2025-04-15,2025-04-15,,,,,,
2025-04-14,,,,403487,125776,88256,1.4251269,3207.98085485,11.0,Configuración de atribución múltiple,-,-,-,,3.35434847,,1851.0,1353436.0,2025-04-14,2025-04-14,,,,,,
2025-04-13,,,,406636,125083,86798,1.44108159,3250.92938289,11.0,Configuración de atribución múltiple,-,-,-,,3.30277693,,1915.0,1343028.0,2025-04-13,2025-04-13,,,,,,
2025-04-12,,,,406910,114998,80514,1.42829818,3538.40936364,11.0,Configuración de atribución múltiple,-,-,-,,3.99148706,,1815.0,1624176.0,2025-04-12,2025-04-12,,,,,,
2025-04-11,,,,399727,101636,70420,1.44328316,3932.92730922,22.0,Configuración de atribución múltiple,-,-,-,,8.16708403,,1543.0,3264604.0,2025-04-11,2025-04-11,,,,,,
2025-04-10,,,,798212,209346,129290,1.61919715,3812.88393377,27.0,Configuración de atribución múltiple,-,-,-,,3.70819406,,2892.0,2959925.0,2025-04-10,2025-04-10,,,,,,
2025-04-09,,,,784441,236215,159455,1.48138973,3320.87716699,12.0,Configuración de atribución múltiple,-,-,-,,1.88955447,,3078.0,1482244.0,2025-04-09,2025-04-09,,,,,,
2025-04-08,,,,755142,227059,151547,1.49827446,3325.7523375,16.0,Configuración de atribución múltiple,-,-,-,,2.74320327,,2999.0,2071508.0,2025-04-08,2025-04-08,,,,,,
2025-04-07,,,,762950,280677,195792,1.43354683,2718.24909059,21.0,Configuración de atribución múltiple,-,-,-,,2.52701488,,3747.0,1927986.0,2025-04-07,2025-04-07,,,,,,
2025-04-06,,,,413587,125182,91670,1.36557216,3303.88554265,17.0,Configuración de atribución múltiple,-,-,-,,5.75954273,,2195.0,2382072.0,2025-04-06,2025-04-06,,,,,,
2025-04-05,,,,410274,106813,74392,1.43581299,3841.04931048,22.0,Configuración de atribución múltiple,-,-,-,,6.42516465,,2143.0,2636078.0,2025-04-05,2025-04-05,,,,,,
2025-04-04,,,,377877,110775,75149,1.47407151,3411.21191605,14.0,Configuración de atribución múltiple,-,-,-,,3.42030872,,2228.0,1292456.0,2025-04-04,2025-04-04,,,,,,
2025-04-03,,,,374534,120552,88056,1.36903788,3106.82527042,23.0,Configuración de atribución múltiple,-,-,-,,5.0316767,,2486.0,1884534.0,2025-04-03,2025-04-03,,,,,,
2025-04-02,,,,364974,110284,76547,1.44073576,3309.4011824,23.0,Configuración de atribución múltiple,-,-,-,,7.67182868,,2365.0,2800018.0,2025-04-02,2025-04-02,,,,,,
2025-04-01,,,,371495,84324,54942,1.53478213,4405.56662397,12.0,Configuración de atribución múltiple,-,-,-,,4.03273261,,2405.0,1498140.0,2025-04-01,2025-04-01,,,,,,
2025-03-31,,,,108234,22041,17811,1.23749368,4910.5757452,12.0,Configuración de atribución múltiple,-,-,-,,12.40817118,,357.0,1342986.0,2025-03-31,2025-03-31,,,,,,
2025-03-30,,,,1426511,323883,217115,1.49175782,4404.40220697,28.0,Configuración de atribución múltiple,-,-,-,,1.59651485,,3709.0,2277446.0,2025-03-30,2025-03-30,,,,,,
2025-03-29,,,,1316570,314778,214176,1.46971649,4182.53499292,18.0,Configuración de atribución múltiple,-,-,-,,1.35068549,,3510.0,1778272.0,2025-03-29,2025-03-29,,,,,,
2025-03-28,,,,1273092,283025,178488,1.58568083,4498.16093985,24.0,Configuración de atribución múltiple,-,-,-,,1.40383256,,3900.0,1787208.0,2025-03-28,2025-03-28,,,,,,
2025-03-27,,,,338640,75612,56057,1.34884136,4478.65418188,10.0,Configuración de atribución múltiple,-,-,-,,2.7590893,,1112.0,934338.0,2025-03-27,2025-03-27,,,,,,
2025-03-26,,,,345594,76919,55194,1.39361162,4492.96012689,10.0,Configuración de atribución múltiple,-,-,-,,2.65412305,,1123.0,917249.0,2025-03-26,2025-03-26,,,,,,
2025-03-25,,,,303662,74770,55024,1.35886159,4061.28126254,15.0,Configuración de atribución múltiple,-,-,-,,8.58897722,,1020.0,2608146.0,2025-03-25,2025-03-25,,,,,,
2025-03-24,,,,355566,86606,62620,1.38304056,4105.55850634,16.0,Configuración de atribución múltiple,-,-,-,,6.50618451,,1143.0,2313378.0,2025-03-24,2025-03-24,,,,,,
2025-03-23,,,,351356,82988,60787,1.36522612,4233.81693739,9.0,Configuración de atribución múltiple,-,-,-,,3.62487619,,1187.0,1273622.0,2025-03-23,2025-03-23,,,,,,
2025-03-22,,,,357395,77487,56229,1.37806114,4612.32206693,20.0,Configuración de atribución múltiple,-,-,-,,6.07589922,,1149.0,2171496.0,2025-03-22,2025-03-22,,,,,,
2025-03-21,,,,1003385,240753,152674,1.57690897,4167.69469124,34.0,Configuración de atribución múltiple,-,-,-,,3.50518894,,2490.0,3517054.0,2025-03-21,2025-03-21,,,,,,
2025-03-20,,,,1066339,259974,162901,1.59590181,4101.71401756,33.0,Configuración de atribución múltiple,-,-,-,,3.69027486,,2684.0,3935084.0,2025-03-20,2025-03-20,,,,,,
2025-03-19,,,,981268,262757,167861,1.56532488,3734.5075488,34.0,Configuración de atribución múltiple,-,-,-,,3.32684037,,2648.0,3264522.0,2025-03-19,2025-03-19,,,,,,
2025-03-18,,,,1081073,277560,171074,1.62245578,3894.91641447,35.0,Configuración de atribución múltiple,-,-,-,,4.23130723,,2856.0,4574352.0,2025-03-18,2025-03-18,,,,,,
2025-03-17,,,,1097625,284959,175372,1.62488311,3851.86991813,28.0,Configuración de atribución múltiple,-,-,-,,2.72558479,,2799.0,2991670.0,2025-03-17,2025-03-17,,,,,,
2025-03-16,,,,1105247,283930,171849,1.6522063,3892.6742507,52.0,Configuración de atribución múltiple,-,-,-,,4.55695605,,2813.0,5036562.0,2025-03-16,2025-03-16,,,,,,
2025-03-15,,,,1099516,263425,160363,1.64267942,4173.92426687,29.0,Configuración de atribución múltiple,-,-,-,,3.35913893,,2834.0,3693427.0,2025-03-15,2025-03-15,,,,,,
2025-03-14,,,,1091153,229133,138582,1.65341098,4762.09450407,26.0,Configuración de atribución múltiple,-,-,-,,3.0681206,,2523.0,3347789.0,2025-03-14,2025-03-14,,,,,,
2025-03-13,,,,1057306,185286,107920,1.71688288,5706.34586531,29.0,Configuración de atribución múltiple,-,-,-,,3.3923585,,2767.0,3586761.0,2025-03-13,2025-03-13,,,,,,
2025-03-12,,,,570064,125419,85326,1.46988022,4545.27623406,15.0,Configuración de atribución múltiple,-,-,-,,4.79782621,,1581.0,2735068.0,2025-03-12,2025-03-12,,,,,,
2025-03-11,,,,609325,136510,89391,1.52711123,4463.59241081,16.0,Configuración de atribución múltiple,-,-,-,,2.53108604,,1669.0,1542254.0,2025-03-11,2025-03-11,,,,,,
2025-03-10,,,,606020,141699,89243,1.5877884,4276.81211582,24.0,Configuración de atribución múltiple,-,-,-,,5.05844362,,1857.0,3065518.0,2025-03-10,2025-03-10,,,,,,
2025-03-09,,,,656049,149560,94105,1.58928856,4386.5271463,12.0,Configuración de atribución múltiple,-,-,-,,2.16447857,,1997.0,1420004.0,2025-03-09,2025-03-09,,,,,,
2025-03-08,,,,631032,141926,91463,1.5517313,4446.20436002,19.0,Configuración de atribución múltiple,-,-,-,,4.94172086,,1849.0,3118384.0,2025-03-08,2025-03-08,,,,,,
2025-03-07,,,,579788,118559,73609,1.61065902,4890.29091001,19.0,Configuración de atribución múltiple,-,-,-,,3.188393,,1841.0,1848592.0,2025-03-07,2025-03-07,,,,,,
2025-03-06,,,,584521,125117,76468,1.63620076,4671.79519969,8.0,Configuración de atribución múltiple,-,-,-,,1.2758344,,2035.0,745752.0,2025-03-06,2025-03-06,,,,,,
2025-03-05,,,,589333,118876,71577,1.66081283,4957.54399542,18.0,Configuración de atribución múltiple,-,-,-,,3.60392172,,2243.0,2123910.0,2025-03-05,2025-03-05,,,,,,
2025-03-04,,,,361519,76191,52985,1.43797301,4744.90425378,24.0,Configuración de atribución múltiple,-,-,-,,6.6784429,,1441.0,2414384.0,2025-03-04,2025-03-04,,,,,,
2025-03-03,,,,342190,78573,53961,1.45610719,4355.05835338,8.0,Configuración de atribución múltiple,-,-,-,,2.06067389,,1533.0,705142.0,2025-03-03,2025-03-03,,,,,,
2025-03-02,,,,367352,77351,52567,1.4714745,4749.15644271,12.0,Configuración de atribución múltiple,-,-,-,,3.35299658,,1835.0,1231730.0,2025-03-02,2025-03-02,,,,,,
2025-03-01,,,,306324,56231,38159,1.47359732,5447.60007825,14.0,Configuración de atribución múltiple,-,-,-,,5.13210196,,1183.0,1572086.0,2025-03-01,2025-03-01,,,,,,
2025-02-28,,,,99917,17226,13991,1.23122007,5800.35992105,10.0,Configuración de atribución múltiple,-,-,-,,7.19591261,,416.0,718994.0,2025-02-28,2025-02-28,,,,,,
2025-02-27,,,,295291,55953,39659,1.41085252,5277.48288742,9.0,Configuración de atribución múltiple,-,-,-,,3.95009668,,1389.0,1166428.0,2025-02-27,2025-02-27,,,,,,
2025-02-26,,,,294737,55805,36206,1.54131912,5281.55183227,10.0,Configuración de atribución múltiple,-,-,-,,2.75560924,,1380.0,812180.0,2025-02-26,2025-02-26,,,,,,
2025-02-25,,,,312152,60574,42980,1.40935319,5153.23406082,12.0,Configuración de atribución múltiple,-,-,-,,4.95567544,,1461.0,1546924.0,2025-02-25,2025-02-25,,,,,,
2025-02-24,,,,707297,238784,190287,1.25486239,2962.07869874,24.0,Configuración de atribución múltiple,-,-,-,,4.39288446,,3243.0,3107074.0,2025-02-24,2025-02-24,,,,,,
2025-02-23,,,,809850,286920,230840,1.24293883,2822.56378084,24.0,Configuración de atribución múltiple,-,-,-,,3.70026054,,3922.0,2996656.0,2025-02-23,2025-02-23,,,,,,
2025-02-22,,,,803848,266348,203543,1.30855888,3018.03655368,28.0,Configuración de atribución múltiple,-,-,-,,4.15859964,,3849.0,3342882.0,2025-02-22,2025-02-22,,,,,,
2025-02-21,,,,786658,306526,247147,1.24025782,2566.3663115,34.0,Configuración de atribución múltiple,-,-,-,,5.0857984,,4031.0,4000784.0,2025-02-21,2025-02-21,,,,,,
2025-02-20,,,,747084,266225,217642,1.22322438,2806.21278993,16.0,Configuración de atribución múltiple,-,-,-,,2.60899176,,3832.0,1949136.0,2025-02-20,2025-02-20,,,,,,
2025-02-19,,,,771723,285843,224222,1.27482138,2699.81423369,30.0,Configuración de atribución múltiple,-,-,-,,4.6021487,,4183.0,3551584.0,2025-02-19,2025-02-19,,,,,,
2025-02-18,,,,719697,262147,206837,1.26740864,2745.39475943,42.0,Configuración de atribución múltiple,-,-,-,,7.10263625,,4161.0,5111746.0,2025-02-18,2025-02-18,,,,,,
2025-02-17,,,,734092,263660,188404,1.3994395,2784.23727528,36.0,Configuración de atribución múltiple,-,-,-,,5.90772546,,5036.0,4336814.0,2025-02-17,2025-02-17,,,,,,
2025-02-16,,,,327381,72145,52353,1.37804901,4537.81966872,2.0,Configuración de atribución múltiple,-,-,-,,1.02596058,,1859.0,335880.0,2025-02-16,2025-02-16,,,,,,
2025-02-15,,,,327785,68051,48215,1.41140724,4816.75508075,12.0,Configuración de atribución múltiple,-,-,-,,4.73219946,,1766.0,1551144.0,2025-02-15,2025-02-15,,,,,,
2025-02-14,,,,481617,128289,93790,1.36783239,3754.15663073,14.0,Configuración de atribución múltiple,-,-,-,,2.69784497,,2448.0,1299328.0,2025-02-14,2025-02-14,,,,,,
2025-02-13,,,,473357,138924,99233,1.39997783,3407.30903228,32.0,Configuración de atribución múltiple,-,-,-,,9.40387488,,2586.0,4451390.0,2025-02-13,2025-02-13,,,,,,
2025-02-12,,,,478908,138649,102526,1.35233014,3454.10352761,18.0,Configuración de atribución múltiple,-,-,-,,4.73180235,,2639.0,2266098.0,2025-02-12,2025-02-12,,,,,,
2025-02-11,,,,488038,158868,118314,1.34276586,3071.97169978,26.0,Configuración de atribución múltiple,-,-,-,,24.91223224,,2977.0,12158116.0,2025-02-11,2025-02-11,,,,,,
2025-02-10,,,,498897,164543,119920,1.3721064,3032.0159472,38.0,Configuración de atribución múltiple,-,-,-,,9.42168424,,3024.0,4700450.0,2025-02-10,2025-02-10,,,,,,
2025-02-09,,,,526369,154338,112422,1.37284517,3410.49514701,50.0,Configuración de atribución múltiple,-,-,-,,10.80993752,,3272.0,5690016.0,2025-02-09,2025-02-09,,,,,,
2025-02-08,,,,493783,151013,105279,1.43440762,3269.80458636,36.0,Configuración de atribución múltiple,-,-,-,,8.36108574,,2959.0,4128562.0,2025-02-08,2025-02-08,,,,,,
2025-02-07,,,,503099,179359,137700,1.3025345,2804.98330165,18.0,Configuración de atribución múltiple,-,-,-,,4.58346369,,3340.0,2305936.0,2025-02-07,2025-02-07,,,,,,
2025-02-06,,,,474492,155882,114066,1.36659478,3043.91783529,28.0,Configuración de atribución múltiple,-,-,-,,6.899855,,3086.0,3273926.0,2025-02-06,2025-02-06,,,,,,
2025-02-05,,,,488612,148561,112546,1.32000249,3288.96547546,31.0,Configuración de atribución múltiple,-,-,-,,8.07523147,,2913.0,3945655.0,2025-02-05,2025-02-05,,,,,,
2025-02-04,,,,499525,156281,109749,1.42398564,3196.32584895,36.0,Configuración de atribución múltiple,-,-,-,,9.5282078,,3423.0,4759578.0,2025-02-04,2025-02-04,,,,,,
2025-02-03,,,,487647,162811,118120,1.37835252,2995.17231637,26.0,Configuración de atribución múltiple,-,-,-,,6.18355081,,3441.0,3015390.0,2025-02-03,2025-02-03,,,,,,
2025-02-02,,,,305201,70039,50397,1.38974542,4357.58648753,14.0,Configuración de atribución múltiple,-,-,-,,4.23442911,,2335.0,1292352.0,2025-02-02,2025-02-02,,,,,,
2025-02-01,,,,328591,67249,42272,1.59086393,4886.18418118,18.0,Configuración de atribución múltiple,-,-,-,,6.37667495,,2402.0,2095318.0,2025-02-01,2025-02-01,,,,,,
2025-01-31,,,,145482,32615,25402,1.28395402,4460.58562011,6.0,Configuración de atribución múltiple,-,-,-,,6.02635378,,704.0,876726.0,2025-01-31,2025-01-31,,,,,,
2025-01-30,,,,372658,99564,69797,1.42647965,3742.89903981,22.0,Configuración de atribución múltiple,-,-,-,,7.43502085,,2042.0,2770720.0,2025-01-30,2025-01-30,,,,,,
2025-01-29,,,,339638,94020,69500,1.35280576,3612.40161668,10.0,Configuración de atribución múltiple,-,-,-,,2.29536742,,1964.0,779594.0,2025-01-29,2025-01-29,,,,,,
2025-01-28,,,,372113,111293,83803,1.32803122,3343.5436191,16.0,Configuración de atribución múltiple,-,-,-,,4.01902648,,2315.0,1495532.0,2025-01-28,2025-01-28,,,,,,
2025-01-27,,,,385114,106361,75822,1.40277228,3620.81966134,16.0,Configuración de atribución múltiple,-,-,-,,3.80727265,,2495.0,1466234.0,2025-01-27,2025-01-27,,,,,,
2025-01-26,,,,394145,111688,84208,1.32633479,3528.98252274,23.0,Configuración de atribución múltiple,-,-,-,,6.51882936,,2720.0,2569364.0,2025-01-26,2025-01-26,,,,,,
2025-01-25,,,,385159,109527,83325,1.31445545,3516.56669132,16.0,Configuración de atribución múltiple,-,-,-,,3.86177657,,2521.0,1487398.0,2025-01-25,2025-01-25,,,,,,
2025-01-24,,,,515579,136087,98214,1.38561712,3788.5984701,19.0,Configuración de atribución múltiple,-,-,-,,4.14075825,,2694.0,2134888.0,2025-01-24,2025-01-24,,,,,,
2025-01-23,,,,670124,160721,110594,1.45325244,4169.48625257,26.0,Configuración de atribución múltiple,-,-,-,,4.30292603,,3160.0,2883494.0,2025-01-23,2025-01-23,,,,,,
2025-01-22,,,,678595,162593,108679,1.4960848,4173.58065845,46.0,Configuración de atribución múltiple,-,-,-,,7.44823938,,3008.0,5054338.0,2025-01-22,2025-01-22,,,,,,
2025-01-21,,,,659854,167752,116851,1.43560603,3933.50898946,54.0,Configuración de atribución múltiple,-,-,-,,7.43836667,,3125.0,4908236.0,2025-01-21,2025-01-21,,,,,,
2025-01-20,,,,718433,190506,135331,1.40770407,3771.18305985,42.0,Configuración de atribución múltiple,-,-,-,,6.38049477,,3298.0,4583958.0,2025-01-20,2025-01-20,,,,,,
2025-01-19,,,,714815,194996,142475,1.36863309,3665.79314447,42.0,Configuración de atribución múltiple,-,-,-,,5.32678945,,3393.0,3807669.0,2025-01-19,2025-01-19,,,,,,
2025-01-18,,,,678875,192923,138255,1.39541427,3518.8909565,42.0,Configuración de atribución múltiple,-,-,-,,6.24335555,,3570.0,4238458.0,2025-01-18,2025-01-18,,,,,,
2025-01-17,,,,567456,166800,123354,1.35220585,3402.01438849,35.0,Configuración de atribución múltiple,-,-,-,,7.72780973,,3263.0,4385192.0,2025-01-17,2025-01-17,,,,,,
2025-01-16,,,,452695,141015,102622,1.37412056,3210.26131972,40.0,Configuración de atribución múltiple,-,-,-,,7.73781906,,2755.0,3502872.0,2025-01-16,2025-01-16,,,,,,
2025-01-15,,,,533568,146041,102801,1.42061848,3653.54934573,36.0,Configuración de atribución múltiple,-,-,-,,7.86829795,,3073.0,4198272.0,2025-01-15,2025-01-15,,,,,,
2025-01-14,,,,531638,163251,123133,1.3258103,3256.56810678,30.0,Configuración de atribución múltiple,-,-,-,,5.88024934,,3066.0,3126164.0,2025-01-14,2025-01-14,,,,,,
2025-01-13,,,,549701,171626,127013,1.35124751,3202.90049293,36.0,Configuración de atribución múltiple,-,-,-,,8.33169305,,3384.0,4579940.0,2025-01-13,2025-01-13,,,,,,
2025-01-12,,,,574658,180658,129789,1.39193614,3180.91642773,38.0,Configuración de atribución múltiple,-,-,-,,5.82152515,,3581.0,3345386.0,2025-01-12,2025-01-12,,,,,,
2025-01-11,,,,554986,169110,127251,1.3289483,3281.80474248,54.0,Configuración de atribución múltiple,-,-,-,,10.09314109,,3615.0,5601552.0,2025-01-11,2025-01-11,,,,,,
2025-01-10,,,,541717,186602,134922,1.38303612,2903.06106044,40.0,Configuración de atribución múltiple,-,-,-,,8.54057008,,3525.0,4626572.0,2025-01-10,2025-01-10,,,,,,
2025-01-09,,,,518620,167029,120216,1.3894074,3104.96979566,50.0,Configuración de atribución múltiple,-,-,-,,9.72288766,,3388.0,5042484.0,2025-01-09,2025-01-09,,,,,,
2025-01-08,,,,528454,184307,126247,1.45989212,2867.24866663,70.0,Configuración de atribución múltiple,-,-,-,,18.66438706,,3462.0,9863270.0,2025-01-08,2025-01-08,,,,,,
2025-01-07,,,,505301,191008,133367,1.43219837,2645.44416988,38.0,Configuración de atribución múltiple,-,-,-,,8.1043576,,3600.0,4095140.0,2025-01-07,2025-01-07,,,,,,
2025-01-06,,,,570385,213090,146764,1.45192281,2676.73283589,20.0,Configuración de atribución múltiple,-,-,-,,3.62613323,,4224.0,2068292.0,2025-01-06,2025-01-06,,,,,,
2025-01-05,,,,580016,202841,140307,1.44569409,2859.4613515,26.0,Configuración de atribución múltiple,-,-,-,,5.70640465,,4278.0,3309806.0,2025-01-05,2025-01-05,,,,,,
2025-01-04,,,,530837,171704,113243,1.51624383,3091.58202488,61.0,Configuración de atribución múltiple,-,-,-,,12.90489924,,4167.0,6850398.0,2025-01-04,2025-01-04,,,,,,
2025-01-03,,,,528912,191615,130742,1.46559637,2760.28494638,27.0,Configuración de atribución múltiple,-,-,-,,4.62151927,,4280.0,2444377.0,2025-01-03,2025-01-03,,,,,,
2025-01-02,,,,466350,150591,101140,1.48893613,3096.79861346,22.0,Configuración de atribución múltiple,-,-,-,,6.69237697,,4644.0,3120990.0,2025-01-02,2025-01-02,,,,,,
2025-01-01,,,,176939,57297,41774,1.37159477,3088.10234393,,Configuración de atribución múltiple,-,-,-,,,,1571.0,,2025-01-01,2025-01-01,,,,,,
2024-12-31,,,,123351,30469,26034,1.17035415,4048.4098592,,Configuración de atribución múltiple,-,-,-,,,,695.0,,2024-12-31,2024-12-31,,,,,,
2024-12-30,,,,391295,146528,118409,1.2374735,2670.44523914,26.0,Configuración de atribución múltiple,-,-,-,,5.8986238,,2722.0,2308102.0,2024-12-30,2024-12-30,,,,,,
2024-12-29,,,,458260,169117,136664,1.23746561,2709.72167198,32.0,Configuración de atribución múltiple,-,-,-,,9.12715925,,3357.0,4182612.0,2024-12-29,2024-12-29,,,,,,
2024-12-28,,,,451379,146014,113885,1.28211793,3091.34055639,52.0,Configuración de atribución múltiple,-,-,-,,16.90620964,,3146.0,7631108.0,2024-12-28,2024-12-28,,,,,,
2024-12-27,,,,455510,135590,100727,1.34611375,3359.46603732,46.0,Configuración de atribución múltiple,-,-,-,,14.45133147,,2868.0,6582726.0,2024-12-27,2024-12-27,,,,,,
2024-12-26,,,,438372,132993,98730,1.34703737,3296.20355959,27.0,Configuración de atribución múltiple,-,-,-,,7.95253346,,2767.0,3486168.0,2024-12-26,2024-12-26,,,,,,
2024-12-25,,,,452968,162954,129099,1.26224061,2779.72924875,24.0,Configuración de atribución múltiple,-,-,-,,7.09123823,,2722.0,3212104.0,2024-12-25,2024-12-25,,,,,,
2024-12-24,,,,417987,123889,98798,1.25396263,3373.88307275,12.0,Configuración de atribución múltiple,-,-,-,,3.01154821,,2154.0,1258788.0,2024-12-24,2024-12-24,,,,,,
2024-12-23,,,,463585,126663,101019,1.25385324,3659.98752595,26.0,Configuración de atribución múltiple,-,-,-,,8.42139413,,2563.0,3904032.0,2024-12-23,2024-12-23,,,,,,
2024-12-22,,,,479697,134281,105312,1.27507786,3572.33711396,36.0,Configuración de atribución múltiple,-,-,-,,8.41374451,,2860.0,4036048.0,2024-12-22,2024-12-22,,,,,,
2024-12-21,,,,462737,117889,92530,1.27406247,3925.19234195,32.0,Configuración de atribución múltiple,-,-,-,,8.50651234,,2576.0,3936278.0,2024-12-21,2024-12-21,,,,,,
2024-12-20,,,,447672,108322,80860,1.33962404,4132.78927642,26.0,Configuración de atribución múltiple,-,-,-,,6.44076467,,2473.0,2883350.0,2024-12-20,2024-12-20,,,,,,
2024-12-19,,,,755802,178832,117912,1.51665649,4226.3241478,46.0,Configuración de atribución múltiple,-,-,-,,6.72282688,,3481.0,5081126.0,2024-12-19,2024-12-19,,,,,,
2024-12-18,,,,766790,178917,117675,1.5204334,4285.73025481,52.0,Configuración de atribución múltiple,-,-,-,,8.20241787,,3688.0,6289532.0,2024-12-18,2024-12-18,,,,,,
2024-12-17,,,,796606,181145,118624,1.52705186,4397.61517017,41.0,Configuración de atribución múltiple,-,-,-,,5.89957645,,3757.0,4699638.0,2024-12-17,2024-12-17,,,,,,
2024-12-16,,,,793119,168717,111959,1.50695344,4700.88372837,44.0,Configuración de atribución múltiple,-,-,-,,6.51973537,,3575.0,5170926.0,2024-12-16,2024-12-16,,,,,,
2024-12-15,,,,842623,170538,119281,1.42971638,4940.96916816,,Configuración de atribución múltiple,-,-,-,,,,3937.0,,2024-12-15,2024-12-15,,,,,,
2024-12-14,,,,791693,178582,121028,1.47554285,4433.21835347,,Configuración de atribución múltiple,-,-,-,,,,3806.0,,2024-12-14,2024-12-14,,,,,,
2024-12-13,,,,742445,152197,97942,1.5539503,4878.18419548,,Configuración de atribución múltiple,-,-,-,,,,3470.0,,2024-12-13,2024-12-13,,,,,,
2024-12-12,,,,743308,131869,86874,1.51793402,5636.71522496,,Configuración de atribución múltiple,-,-,-,,,,3365.0,,2024-12-12,2024-12-12,,,,,,
2024-12-11,,,,315223,72297,56539,1.27871027,4360.11176121,,Configuración de atribución múltiple,-,-,-,,,,2105.0,,2024-12-11,2024-12-11,,,,,,
2024-12-10,,,,424008,107422,85524,1.25604509,3947.12442516,,Configuración de atribución múltiple,-,-,-,,,,2751.0,,2024-12-10,2024-12-10,,,,,,
2024-12-09,,,,428366,109297,80915,1.35076315,3919.28415236,,Configuración de atribución múltiple,-,-,-,,,,2745.0,,2024-12-09,2024-12-09,,,,,,
2024-12-08,,,,456055,118169,92593,1.27621958,3859.34551363,,Configuración de atribución múltiple,-,-,-,,,,2815.0,,2024-12-08,2024-12-08,,,,,,
2024-12-07,,,,391688,93561,74272,1.25970756,4186.44520687,,Configuración de atribución múltiple,-,-,-,,,,2468.0,,2024-12-07,2024-12-07,,,,,,
2024-12-06,,,,396917,99026,79136,1.25133947,4008.20996506,,Configuración de atribución múltiple,-,-,-,,,,2625.0,,2024-12-06,2024-12-06,,,,,,
2024-12-05,,,,382153,79334,55846,1.42058518,4817.01414274,,Configuración de atribución múltiple,-,-,-,,,,2799.0,,2024-12-05,2024-12-05,,,,,,
2024-12-04,,,,424804,79878,54049,1.47788118,5318.1601943,,Configuración de atribución múltiple,-,-,-,,,,2887.0,,2024-12-04,2024-12-04,,,,,,
2024-12-03,,,,4019960,1159798,789075,1.46981973,3466.08633572,,Configuración de atribución múltiple,-,-,-,,,,13290.0,,2024-12-03,2024-12-03,,,,,,
2024-12-02,,,,4189469,1139238,793794,1.43518092,3677.43087924,,Configuración de atribución múltiple,-,-,-,,,,14427.0,,2024-12-02,2024-12-02,,,,,,
2024-12-01,,,,438747,97997,72747,1.34709335,4477.14725961,,Configuración de atribución múltiple,-,-,-,,,,3497.0,,2024-12-01,2024-12-01,,,,,,
2024-11-30,,,,2959555,515817,300865,1.71444668,5737.60655426,,Configuración de atribución múltiple,-,-,-,,,,5547.0,,2024-11-30,2024-11-30,,,,,,
2024-11-29,,,,3521822,499604,297495,1.6793694,7049.22698777,,Configuración de atribución múltiple,-,-,-,,,,7029.0,,2024-11-29,2024-11-29,,,,,,
2024-11-28,,,,3519922,571726,353657,1.61661158,6156.65895901,,Configuración de atribución múltiple,-,-,-,,,,7784.0,,2024-11-28,2024-11-28,,,,,,
2024-11-27,,,,3359069,598172,375707,1.59212365,5615.55706385,,Configuración de atribución múltiple,-,-,-,,,,7951.0,,2024-11-27,2024-11-27,,,,,,
2024-11-26,,,,3540217,630042,390879,1.61185942,5619.01746233,,Configuración de atribución múltiple,-,-,-,,,,8568.0,,2024-11-26,2024-11-26,,,,,,
2024-11-25,,,,3669116,690598,434795,1.58833013,5312.95485941,,Configuración de atribución múltiple,-,-,-,,,,9293.0,,2024-11-25,2024-11-25,,,,,,
2024-11-24,,,,3765770,638611,407256,1.56808248,5896.81355316,,Configuración de atribución múltiple,-,-,-,,,,9657.0,,2024-11-24,2024-11-24,,,,,,
2024-11-23,,,,3445714,623081,368990,1.68861216,5530.12208686,,Configuración de atribución múltiple,-,-,-,,,,9201.0,,2024-11-23,2024-11-23,,,,,,
2024-11-22,,,,3350362,528062,290518,1.81765674,6344.6375615,,Configuración de atribución múltiple,-,-,-,,,,9807.0,,2024-11-22,2024-11-22,,,,,,
2024-11-21,,,,852762,186263,131022,1.42161622,4578.26836248,,Configuración de atribución múltiple,-,-,-,,,,4430.0,,2024-11-21,2024-11-21,,,,,,
2024-11-20,,,,893390,204962,150156,1.36499374,4358.80797416,,Configuración de atribución múltiple,-,-,-,,,,4759.0,,2024-11-20,2024-11-20,,,,,,
2024-11-19,,,,902183,208758,146154,1.42834271,4321.66910969,,Configuración de atribución múltiple,-,-,-,,,,4884.0,,2024-11-19,2024-11-19,,,,,,
2024-11-18,,,,928707,219360,161062,1.36195999,4233.71170678,,Configuración de atribución múltiple,-,-,-,,,,4927.0,,2024-11-18,2024-11-18,,,,,,
2024-11-17,,,,980992,236703,172376,1.3731784,4144.4003667,,Configuración de atribución múltiple,-,-,-,,,,5153.0,,2024-11-17,2024-11-17,,,,,,
2024-11-16,,,,954841,228691,164250,1.39233486,4175.24519985,,Configuración de atribución múltiple,-,-,-,,,,4755.0,,2024-11-16,2024-11-16,,,,,,
2024-11-15,,,,911603,224298,159498,1.40627469,4064.24934685,,Configuración de atribución múltiple,-,-,-,,,,4871.0,,2024-11-15,2024-11-15,,,,,,
2024-11-14,,,,929272,211132,152327,1.3860445,4401.37923195,,Configuración de atribución múltiple,-,-,-,,,,4894.0,,2024-11-14,2024-11-14,,,,,,
2024-11-13,,,,907691,221951,163025,1.36145376,4089.60085785,,Configuración de atribución múltiple,-,-,-,,,,4742.0,,2024-11-13,2024-11-13,,,,,,
2024-11-12,,,,924982,235166,176837,1.32984613,3933.31519012,,Configuración de atribución múltiple,-,-,-,,,,5137.0,,2024-11-12,2024-11-12,,,,,,
2024-11-11,,,,964164,247803,177088,1.39932124,3890.84877907,,Configuración de atribución múltiple,-,-,-,,,,5539.0,,2024-11-11,2024-11-11,,,,,,
2024-11-10,,,,971798,245973,175719,1.39980879,3950.83200189,,Configuración de atribución múltiple,-,-,-,,,,5463.0,,2024-11-10,2024-11-10,,,,,,
2024-11-09,,,,931576,249208,181384,1.37392493,3738.14644795,,Configuración de atribución múltiple,-,-,-,,,,5173.0,,2024-11-09,2024-11-09,,,,,,
2024-11-08,,,,920481,244778,177439,1.37950507,3760.4727549,,Configuración de atribución múltiple,-,-,-,,,,5319.0,,2024-11-08,2024-11-08,,,,,,
2024-11-07,,,,920778,245884,179116,1.37276402,3744.76582454,,Configuración de atribución múltiple,-,-,-,,,,5150.0,,2024-11-07,2024-11-07,,,,,,
2024-11-06,,,,891327,238072,164914,1.44361303,3743.93880843,,Configuración de atribución múltiple,-,-,-,,,,5230.0,,2024-11-06,2024-11-06,,,,,,
2024-11-05,,,,869012,280605,209462,1.33964633,3096.92272055,,Configuración de atribución múltiple,-,-,-,,,,5919.0,,2024-11-05,2024-11-05,,,,,,
2024-11-04,,,,957896,279167,204893,1.3625014,3431.2651567,,Configuración de atribución múltiple,-,-,-,,,,6156.0,,2024-11-04,2024-11-04,,,,,,
2024-11-03,,,,957696,293988,211145,1.39235123,3257.60235112,,Configuración de atribución múltiple,-,-,-,,,,6592.0,,2024-11-03,2024-11-03,,,,,,
2024-11-02,,,,893741,257481,181553,1.41821397,3471.09495458,,Configuración de atribución múltiple,-,-,-,,,,6389.0,,2024-11-02,2024-11-02,,,,,,
2024-11-01,,,,894749,236377,155515,1.5199627,3785.26252554,,Configuración de atribución múltiple,-,-,-,,,,7030.0,,2024-11-01,2024-11-01,,,,,,
2024-10-31,,,,57623,10783,8795,1.22603752,5343.87461745,,Configuración de atribución múltiple,-,-,-,,,,395.0,,2024-10-31,2024-10-31,,,,,,
2024-10-30,,,,190226,38175,29079,1.31280305,4982.99934512,,Configuración de atribución múltiple,-,-,-,,,,1322.0,,2024-10-30,2024-10-30,,,,,,
2024-10-29,,,,200310,42120,30868,1.36451989,4755.6980057,,Configuración de atribución múltiple,-,-,-,,,,1634.0,,2024-10-29,2024-10-29,,,,,,
2024-10-28,,,,213413,43976,31058,1.41593148,4852.9425141,,Configuración de atribución múltiple,-,-,-,,,,1463.0,,2024-10-28,2024-10-28,,,,,,
2024-10-27,,,,209061,45640,34222,1.33364502,4580.65293602,,Configuración de atribución múltiple,-,-,-,,,,1466.0,,2024-10-27,2024-10-27,,,,,,
2024-10-26,,,,209868,45916,36246,1.26678806,4570.69431135,,Configuración de atribución múltiple,-,-,-,,,,1866.0,,2024-10-26,2024-10-26,,,,,,
2024-10-25,,,,482363,127682,96441,1.32393899,3777.84652496,,Configuración de atribución múltiple,-,-,-,,,,3153.0,,2024-10-25,2024-10-25,,,,,,
2024-10-24,,,,508051,140013,108019,1.29618863,3628.59877297,,Configuración de atribución múltiple,-,-,-,,,,3366.0,,2024-10-24,2024-10-24,,,,,,
2024-10-23,,,,499630,141845,105433,1.34535677,3522.36596285,,Configuración de atribución múltiple,-,-,-,,,,3263.0,,2024-10-23,2024-10-23,,,,,,
2024-10-22,,,,542141,148276,104074,1.42471703,3656.29636624,,Configuración de atribución múltiple,-,-,-,,,,3506.0,,2024-10-22,2024-10-22,,,,,,
2024-10-21,,,,540870,144476,104119,1.38760457,3743.66676818,,Configuración de atribución múltiple,-,-,-,,,,3441.0,,2024-10-21,2024-10-21,,,,,,
2024-10-20,,,,569766,145211,105071,1.38202739,3923.71101363,,Configuración de atribución múltiple,-,-,-,,,,3752.0,,2024-10-20,2024-10-20,,,,,,
2024-10-19,,,,541677,133260,90621,1.47052008,4064.81314723,,Configuración de atribución múltiple,-,-,-,,,,3276.0,,2024-10-19,2024-10-19,,,,,,
2024-10-18,,,,494653,116095,79614,1.45822343,4260.760584,,Configuración de atribución múltiple,-,-,-,,,,3101.0,,2024-10-18,2024-10-18,,,,,,
2024-10-17,,,,499671,114843,79434,1.4457663,4350.90514877,,Configuración de atribución múltiple,-,-,-,,,,3467.0,,2024-10-17,2024-10-17,,,,,,
2024-10-16,,,,216481,49256,36398,1.35326117,4395.01786584,,Configuración de atribución múltiple,-,-,-,,,,1782.0,,2024-10-16,2024-10-16,,,,,,
2024-10-15,,,,412050,126385,89308,1.41515878,3260.27614036,,Configuración de atribución múltiple,-,-,-,,,,3004.0,,2024-10-15,2024-10-15,,,,,,
2024-10-14,,,,431855,148002,111591,1.32628975,2917.89975811,,Configuración de atribución múltiple,-,-,-,,,,3549.0,,2024-10-14,2024-10-14,,,,,,
2024-10-13,,,,458406,152223,114141,1.33363997,3011.4108906,,Configuración de atribución múltiple,-,-,-,,,,3516.0,,2024-10-13,2024-10-13,,,,,,
2024-10-12,,,,438111,143694,104959,1.36904887,3048.91644745,,Configuración de atribución múltiple,-,-,-,,,,3362.0,,2024-10-12,2024-10-12,,,,,,
2024-10-11,,,,404624,132388,95967,1.37951588,3056.34951808,,Configuración de atribución múltiple,-,-,-,,,,3158.0,,2024-10-11,2024-10-11,,,,,,
2024-10-10,,,,439198,149156,106495,1.40059158,2944.55469441,,Configuración de atribución múltiple,-,-,-,,,,3545.0,,2024-10-10,2024-10-10,,,,,,
2024-10-09,,,,416678,154709,109115,1.41785272,2693.30161788,,Configuración de atribución múltiple,-,-,-,,,,3517.0,,2024-10-09,2024-10-09,,,,,,
2024-10-08,,,,472672,156757,114379,1.37050508,3015.31670037,,Configuración de atribución múltiple,-,-,-,,,,3868.0,,2024-10-08,2024-10-08,,,,,,
2024-10-07,,,,449434,158397,113099,1.40051636,2837.38959703,,Configuración de atribución múltiple,-,-,-,,,,3921.0,,2024-10-07,2024-10-07,,,,,,
2024-10-06,,,,477200,171610,131814,1.30191027,2780.72373405,,Configuración de atribución múltiple,-,-,-,,,,4643.0,,2024-10-06,2024-10-06,,,,,,
2024-10-05,,,,448438,159384,115488,1.38009144,2813.56974351,,Configuración de atribución múltiple,-,-,-,,,,3692.0,,2024-10-05,2024-10-05,,,,,,
2024-10-04,,,,414603,141501,104871,1.34928627,2930.03583014,,Configuración de atribución múltiple,-,-,-,,,,3625.0,,2024-10-04,2024-10-04,,,,,,
2024-10-03,,,,421809,146514,106653,1.37374476,2878.96719767,,Configuración de atribución múltiple,-,-,-,,,,3774.0,,2024-10-03,2024-10-03,,,,,,
2024-10-02,,,,422655,145102,106107,1.36750639,2912.81305564,,Configuración de atribución múltiple,-,-,-,,,,4105.0,,2024-10-02,2024-10-02,,,,,,
2024-10-01,,,,438874,152323,107215,1.42072471,2881.2063838,,Configuración de atribución múltiple,-,-,-,,,,4855.0,,2024-10-01,2024-10-01,,,,,,
2024-09-30,,,,128596,36540,30602,1.19403961,3519.32129174,,Configuración de atribución múltiple,-,-,-,,,,1006.0,,2024-09-30,2024-09-30,,,,,,
2024-09-29,,,,402663,112878,86943,1.29829889,3567.24073779,,Configuración de atribución múltiple,-,-,-,,,,2902.0,,2024-09-29,2024-09-29,,,,,,
2024-09-28,,,,384007,105562,78042,1.35263063,3637.7389591,,Configuración de atribución múltiple,-,-,-,,,,2742.0,,2024-09-28,2024-09-28,,,,,,
2024-09-27,,,,401273,99691,75476,1.32083046,4025.1677684,,Configuración de atribución múltiple,-,-,-,,,,2323.0,,2024-09-27,2024-09-27,,,,,,
2024-09-26,,,,373947,91166,66786,1.36504657,4101.82524187,,Configuración de atribución múltiple,-,-,-,,,,2143.0,,2024-09-26,2024-09-26,,,,,,
2024-09-25,,,,392633,104718,76813,1.36328486,3749.43180733,,Configuración de atribución múltiple,-,-,-,,,,2668.0,,2024-09-25,2024-09-25,,,,,,
2024-09-24,,,,386074,101717,76951,1.32184117,3795.57006203,,Configuración de atribución múltiple,-,-,-,,,,2553.0,,2024-09-24,2024-09-24,,,,,,
2024-09-23,,,,408251,124679,95012,1.31224477,3274.41670209,,Configuración de atribución múltiple,-,-,-,,,,2472.0,,2024-09-23,2024-09-23,,,,,,
2024-09-22,,,,413095,114808,88706,1.29425293,3598.13776043,,Configuración de atribución múltiple,-,-,-,,,,2625.0,,2024-09-22,2024-09-22,,,,,,
2024-09-21,,,,380332,120863,92751,1.30309107,3146.80257813,,Configuración de atribución múltiple,-,-,-,,,,2575.0,,2024-09-21,2024-09-21,,,,,,
2024-09-20,,,,388956,117396,89310,1.31447766,3313.19636103,,Configuración de atribución múltiple,-,-,-,,,,2462.0,,2024-09-20,2024-09-20,,,,,,
2024-09-19,,,,394770,114518,89288,1.28256877,3447.23100299,,Configuración de atribución múltiple,-,-,-,,,,2388.0,,2024-09-19,2024-09-19,,,,,,
2024-09-18,,,,414396,121396,95581,1.27008506,3413.58858611,,Configuración de atribución múltiple,-,-,-,,,,2499.0,,2024-09-18,2024-09-18,,,,,,
2024-09-17,,,,409333,105087,74663,1.4074843,3895.18208722,,Configuración de atribución múltiple,-,-,-,,,,2392.0,,2024-09-17,2024-09-17,,,,,,
2024-09-16,,,,453884,155998,118717,1.31403253,2909.55012244,,Configuración de atribución múltiple,-,-,-,,,,3111.0,,2024-09-16,2024-09-16,,,,,,
2024-09-15,,,,482160,166988,128333,1.30120857,2887.39310609,,Configuración de atribución múltiple,-,-,-,,,,3401.0,,2024-09-15,2024-09-15,,,,,,
2024-09-14,,,,472093,173972,132325,1.31473267,2713.61483457,,Configuración de atribución múltiple,-,-,-,,,,3575.0,,2024-09-14,2024-09-14,,,,,,
2024-09-13,,,,429913,156375,119902,1.30419009,2749.24380496,,Configuración de atribución múltiple,-,-,-,,,,3314.0,,2024-09-13,2024-09-13,,,,,,
2024-09-12,,,,455660,136869,101145,1.35319591,3329.16876722,,Configuración de atribución múltiple,-,-,-,,,,3276.0,,2024-09-12,2024-09-12,,,,,,
2024-09-11,,,,476875,170269,127279,1.33776192,2800.71533867,,Configuración de atribución múltiple,-,-,-,,,,3766.0,,2024-09-11,2024-09-11,,,,,,
2024-09-10,,,,446502,141903,105695,1.3425706,3146.52967168,,Configuración de atribución múltiple,-,-,-,,,,3492.0,,2024-09-10,2024-09-10,,,,,,
2024-09-09,,,,469704,173082,130993,1.32130725,2713.76572954,,Configuración de atribución múltiple,-,-,-,,,,3884.0,,2024-09-09,2024-09-09,,,,,,
2024-09-08,,,,487499,157271,113745,1.38266297,3099.73866765,,Configuración de atribución múltiple,-,-,-,,,,3771.0,,2024-09-08,2024-09-08,,,,,,
2024-09-07,,,,470024,170761,123689,1.38056739,2752.52545956,,Configuración de atribución múltiple,-,-,-,,,,4054.0,,2024-09-07,2024-09-07,,,,,,
2024-09-06,,,,440486,143071,103188,1.38650812,3078.79304681,,Configuración de atribución múltiple,-,-,-,,,,3613.0,,2024-09-06,2024-09-06,,,,,,
2024-09-05,,,,448573,152612,112120,1.36114877,2939.30359343,,Configuración de atribución múltiple,-,-,-,,,,3767.0,,2024-09-05,2024-09-05,,,,,,
2024-09-04,,,,469219,152909,102930,1.485563,3068.61597421,,Configuración de atribución múltiple,-,-,-,,,,3958.0,,2024-09-04,2024-09-04,,,,,,
2024-09-03,,,,468882,149981,106567,1.4073869,3126.27599496,,Configuración de atribución múltiple,-,-,-,,,,4182.0,,2024-09-03,2024-09-03,,,,,,
2024-09-02,,,,456921,139516,96442,1.44663114,3275.04372258,,Configuración de atribución múltiple,-,-,-,,,,4189.0,,2024-09-02,2024-09-02,,,,,,
2024-09-01,,,,466015,214135,159174,1.3452888,2176.26730801,,Configuración de atribución múltiple,-,-,-,,,,4635.0,,2024-09-01,2024-09-01,,,,,,
2024-08-31,,,,1024679,163800,117119,1.39857752,6255.67155067,,Configuración de atribución múltiple,-,-,-,,,,1750.0,,2024-08-31,2024-08-31,,,,,,
2024-08-30,,,,2774694,601322,352965,1.70363067,4614.32310809,,Configuración de atribución múltiple,-,-,-,,,,6198.0,,2024-08-30,2024-08-30,,,,,,
2024-08-29,,,,2655571,573661,349923,1.63939209,4629.16426252,,Configuración de atribución múltiple,-,-,-,,,,6217.0,,2024-08-29,2024-08-29,,,,,,
2024-08-28,,,,2553912,582556,349719,1.6657831,4383.9768194,,Configuración de atribución múltiple,-,-,-,,,,6851.0,,2024-08-28,2024-08-28,,,,,,
2024-08-27,,,,2552587,565600,337650,1.67510736,4513.06046676,,Configuración de atribución múltiple,-,-,-,,,,6863.0,,2024-08-27,2024-08-27,,,,,,
2024-08-26,,,,1308956,296892,210686,1.40916815,4408.86248198,,Configuración de atribución múltiple,-,-,-,,,,3972.0,,2024-08-26,2024-08-26,,,,,,
2024-08-25,,,,1473683,386449,266870,1.44807959,3813.39581678,,Configuración de atribución múltiple,-,-,-,,,,4837.0,,2024-08-25,2024-08-25,,,,,,
2024-08-24,,,,1374072,362146,243771,1.48559919,3794.24872841,,Configuración de atribución múltiple,-,-,-,,,,4472.0,,2024-08-24,2024-08-24,,,,,,
2024-08-23,,,,1371013,356386,223508,1.59451116,3846.98893896,,Configuración de atribución múltiple,-,-,-,,,,4413.0,,2024-08-23,2024-08-23,,,,,,
2024-08-22,,,,1367309,347869,222757,1.56165238,3930.52844605,,Configuración de atribución múltiple,-,-,-,,,,4357.0,,2024-08-22,2024-08-22,,,,,,
2024-08-21,,,,1384425,359730,238351,1.50924477,3848.51138354,,Configuración de atribución múltiple,-,-,-,,,,4487.0,,2024-08-21,2024-08-21,,,,,,
2024-08-20,,,,1103755,330087,225205,1.4657179,3343.83056588,,Configuración de atribución múltiple,-,-,-,,,,4494.0,,2024-08-20,2024-08-20,,,,,,
2024-08-19,,,,892975,312971,208716,1.49950651,2853.21962738,,Configuración de atribución múltiple,-,-,-,,,,4392.0,,2024-08-19,2024-08-19,,,,,,
2024-08-18,,,,922924,288623,197344,1.4625375,3197.68001857,,Configuración de atribución múltiple,-,-,-,,,,4258.0,,2024-08-18,2024-08-18,,,,,,
2024-08-17,,,,848081,264933,186085,1.42372034,3201.11499889,,Configuración de atribución múltiple,-,-,-,,,,3810.0,,2024-08-17,2024-08-17,,,,,,
2024-08-16,,,,837871,247285,167043,1.48036733,3388.28072871,,Configuración de atribución múltiple,-,-,-,,,,3638.0,,2024-08-16,2024-08-16,,,,,,
2024-08-15,,,,852513,233751,162922,1.43474178,3647.09883594,,Configuración de atribución múltiple,-,-,-,,,,3487.0,,2024-08-15,2024-08-15,,,,,,
2024-08-14,,,,866023,236328,162861,1.45110247,3664.49595477,,Configuración de atribución múltiple,-,-,-,,,,3814.0,,2024-08-14,2024-08-14,,,,,,
2024-08-13,,,,902070,288569,191939,1.5034412,3126.01145653,,Configuración de atribución múltiple,-,-,-,,,,4178.0,,2024-08-13,2024-08-13,,,,,,
2024-08-12,,,,874193,285619,184886,1.54483844,3060.6962422,,Configuración de atribución múltiple,-,-,-,,,,4229.0,,2024-08-12,2024-08-12,,,,,,
2024-08-11,,,,921445,292134,194744,1.50009243,3154.18609268,,Configuración de atribución múltiple,-,-,-,,,,4968.0,,2024-08-11,2024-08-11,,,,,,
2024-08-10,,,,858918,262953,175832,1.49547864,3266.43164368,,Configuración de atribución múltiple,-,-,-,,,,4504.0,,2024-08-10,2024-08-10,,,,,,
2024-08-09,,,,860231,246877,170156,1.45088625,3484.45177153,,Configuración de atribución múltiple,-,-,-,,,,4428.0,,2024-08-09,2024-08-09,,,,,,
2024-08-08,,,,820061,230260,162756,1.41475583,3561.45661426,,Configuración de atribución múltiple,-,-,-,,,,4501.0,,2024-08-08,2024-08-08,,,,,,
2024-08-07,,,,887808,242486,160880,1.50724764,3661.27529012,,Configuración de atribución múltiple,-,-,-,,,,5505.0,,2024-08-07,2024-08-07,,,,,,
2024-08-06,,,,359394,95234,68878,1.38264758,3773.79927337,,Configuración de atribución múltiple,-,-,-,,,,2414.0,,2024-08-06,2024-08-06,,,,,,
2024-08-05,,,,369242,99231,68498,1.44867003,3721.03475728,,Configuración de atribución múltiple,-,-,-,,,,2324.0,,2024-08-05,2024-08-05,,,,,,
2024-08-04,,,,378644,95126,68174,1.39534133,3980.4469861,,Configuración de atribución múltiple,-,-,-,,,,2494.0,,2024-08-04,2024-08-04,,,,,,
2024-08-03,,,,354954,88532,63394,1.39653595,4009.32995979,,Configuración de atribución múltiple,-,-,-,,,,2299.0,,2024-08-03,2024-08-03,,,,,,
2024-08-02,,,,339217,80246,58655,1.36810161,4227.21381751,,Configuración de atribución múltiple,-,-,-,,,,2178.0,,2024-08-02,2024-08-02,,,,,,
2024-08-01,,,,366490,80591,53804,1.49786261,4547.53012123,,Configuración de atribución múltiple,-,-,-,,,,2344.0,,2024-08-01,2024-08-01,,,,,,
2024-07-31,,,,95771,16181,12184,1.32805318,5918.73184599,,Configuración de atribución múltiple,-,-,-,,,,535.0,,2024-07-31,2024-07-31,,,,,,
2024-07-30,,,,310505,65442,45119,1.45043108,4744.73579658,,Configuración de atribución múltiple,-,-,-,,,,1767.0,,2024-07-30,2024-07-30,,,,,,
2024-07-29,,,,308951,69167,42417,1.63064337,4466.73991933,,Configuración de atribución múltiple,-,-,-,,,,1746.0,,2024-07-29,2024-07-29,,,,,,
2024-07-28,,,,327050,68582,45173,1.51820778,4768.7439853,,Configuración de atribución múltiple,-,-,-,,,,2000.0,,2024-07-28,2024-07-28,,,,,,
2024-07-27,,,,307869,63970,41294,1.54913547,4812.70908238,,Configuración de atribución múltiple,-,-,-,,,,1878.0,,2024-07-27,2024-07-27,,,,,,
2024-07-26,,,,299890,59837,40656,1.47178768,5011.78200779,,Configuración de atribución múltiple,-,-,-,,,,1774.0,,2024-07-26,2024-07-26,,,,,,
2024-07-25,,,,315747,59451,38016,1.56384154,5311.04607155,,Configuración de atribución múltiple,-,-,-,,,,1761.0,,2024-07-25,2024-07-25,,,,,,
2024-07-24,,,,1081343,316382,191144,1.65520236,3417.83982654,,Configuración de atribución múltiple,-,-,-,,,,4058.0,,2024-07-24,2024-07-24,,,,,,
2024-07-23,,,,1141967,368315,226026,1.62952492,3100.51722031,,Configuración de atribución múltiple,-,-,-,,,,4425.0,,2024-07-23,2024-07-23,,,,,,
2024-07-22,,,,1149829,360522,225470,1.59897991,3189.34489435,,Configuración de atribución múltiple,-,-,-,,,,4269.0,,2024-07-22,2024-07-22,,,,,,
2024-07-21,,,,1205257,419429,248736,1.68624164,2873.56620548,,Configuración de atribución múltiple,-,-,-,,,,5008.0,,2024-07-21,2024-07-21,,,,,,
2024-07-20,,,,1141547,417026,240128,1.7366821,2737.35210754,,Configuración de atribución múltiple,-,-,-,,,,4798.0,,2024-07-20,2024-07-20,,,,,,
2024-07-19,,,,1087635,353275,211961,1.66669812,3078.72054349,,Configuración de atribución múltiple,-,-,-,,,,4427.0,,2024-07-19,2024-07-19,,,,,,
2024-07-18,,,,1119657,329204,195969,1.67987794,3401.1038748,,Configuración de atribución múltiple,-,-,-,,,,4557.0,,2024-07-18,2024-07-18,,,,,,
2024-07-17,,,,1152765,304916,174335,1.74902343,3780.59859109,,Configuración de atribución múltiple,-,-,-,,,,4875.0,,2024-07-17,2024-07-17,,,,,,
2024-07-16,,,,477974,153086,87159,1.75639922,3122.25807716,,Configuración de atribución múltiple,-,-,-,,,,2658.0,,2024-07-16,2024-07-16,,,,,,
2024-07-15,,,,491188,144068,88107,1.63514817,3409.41777494,,Configuración de atribución múltiple,-,-,-,,,,2748.0,,2024-07-15,2024-07-15,,,,,,
2024-07-14,,,,496273,142038,80105,1.77314774,3493.94528225,,Configuración de atribución múltiple,-,-,-,,,,2694.0,,2024-07-14,2024-07-14,,,,,,
2024-07-13,,,,484088,133023,77037,1.7267417,3639.13007525,,Configuración de atribución múltiple,-,-,-,,,,2675.0,,2024-07-13,2024-07-13,,,,,,
2024-07-12,,,,462708,115154,67658,1.70200124,4018.1669764,,Configuración de atribución múltiple,-,-,-,,,,2501.0,,2024-07-12,2024-07-12,,,,,,
2024-07-11,,,,476851,122562,70947,1.72751491,3890.6920579,,Configuración de atribución múltiple,-,-,-,,,,2560.0,,2024-07-11,2024-07-11,,,,,,
2024-07-10,,,,479477,153140,88693,1.72663006,3130.97165992,,Configuración de atribución múltiple,-,-,-,,,,2631.0,,2024-07-10,2024-07-10,,,,,,
2024-07-09,,,,503311,137562,81458,1.68874758,3658.79385295,,Configuración de atribución múltiple,-,-,-,,,,2808.0,,2024-07-09,2024-07-09,,,,,,
2024-07-08,,,,500469,131435,79793,1.64719963,3807.73005668,,Configuración de atribución múltiple,-,-,-,,,,2888.0,,2024-07-08,2024-07-08,,,,,,
2024-07-07,,,,532195,140159,86867,1.61348959,3797.08045862,,Configuración de atribución múltiple,-,-,-,,,,3192.0,,2024-07-07,2024-07-07,,,,,,
2024-07-06,,,,488222,127178,75678,1.68051481,3838.88722892,,Configuración de atribución múltiple,-,-,-,,,,2823.0,,2024-07-06,2024-07-06,,,,,,
2024-07-05,,,,469963,114275,69254,1.65008519,4112.56180267,,Configuración de atribución múltiple,-,-,-,,,,2825.0,,2024-07-05,2024-07-05,,,,,,
2024-07-04,,,,489513,113808,67078,1.69665166,4301.21784057,,Configuración de atribución múltiple,-,-,-,,,,2812.0,,2024-07-04,2024-07-04,,,,,,
2024-07-03,,,,492161,118739,72901,1.62877052,4144.89763262,,Configuración de atribución múltiple,-,-,-,,,,2881.0,,2024-07-03,2024-07-03,,,,,,
2024-07-02,,,,479733,116225,68181,1.70465379,4127.62314476,,Configuración de atribución múltiple,-,-,-,,,,2791.0,,2024-07-02,2024-07-02,,,,,,
2024-07-01,,,,330492,84658,54940,1.54091736,3903.84842543,,Configuración de atribución múltiple,-,-,-,,,,2560.0,,2024-07-01,2024-07-01,,,,,,
2024-06-30,,,,122843,39235,33251,1.17996451,3130.95450491,,Configuración de atribución múltiple,-,-,-,,,,601.0,,2024-06-30,2024-06-30,,,,,,
2024-06-29,,,,331529,110146,79741,1.38129695,3009.90503514,,Configuración de atribución múltiple,-,-,-,,,,1818.0,,2024-06-29,2024-06-29,,,,,,
2024-06-28,,,,327615,93412,64856,1.44029851,3507.2046418,,Configuración de atribución múltiple,-,-,-,,,,1728.0,,2024-06-28,2024-06-28,,,,,,
2024-06-27,,,,1199520,394775,295215,1.33724574,3038.49027927,,Configuración de atribución múltiple,-,-,-,,,,5022.0,,2024-06-27,2024-06-27,,,,,,
2024-06-26,,,,1301796,454039,326557,1.39038208,2867.14577382,,Configuración de atribución múltiple,-,-,-,,,,4880.0,,2024-06-26,2024-06-26,,,,,,
2024-06-25,,,,1222180,392101,276235,1.41944721,3117.00301708,,Configuración de atribución múltiple,-,-,-,,,,4768.0,,2024-06-25,2024-06-25,,,,,,
2024-06-24,,,,1001601,296792,188295,1.57620755,3374.75740586,,Configuración de atribución múltiple,-,-,-,,,,4195.0,,2024-06-24,2024-06-24,,,,,,
2024-06-23,,,,374504,140786,102193,1.37764818,2660.09404344,,Configuración de atribución múltiple,-,-,-,,,,2285.0,,2024-06-23,2024-06-23,,,,,,
2024-06-22,,,,338828,113028,80285,1.40783459,2997.73507449,,Configuración de atribución múltiple,-,-,-,,,,1892.0,,2024-06-22,2024-06-22,,,,,,
2024-06-21,,,,398415,114822,85387,1.34472461,3469.84898364,,Configuración de atribución múltiple,-,-,-,,,,1977.0,,2024-06-21,2024-06-21,,,,,,
2024-06-20,,,,627264,163986,109491,1.49771214,3825.10702133,,Configuración de atribución múltiple,-,-,-,,,,2564.0,,2024-06-20,2024-06-20,,,,,,
2024-06-19,,,,658544,177069,117595,1.5057528,3719.13773727,,Configuración de atribución múltiple,-,-,-,,,,2772.0,,2024-06-19,2024-06-19,,,,,,
2024-06-18,,,,681215,188122,125745,1.49605949,3621.13415762,,Configuración de atribución múltiple,-,-,-,,,,3005.0,,2024-06-18,2024-06-18,,,,,,
2024-06-17,,,,704916,199218,135299,1.47242773,3538.41520345,,Configuración de atribución múltiple,-,-,-,,,,3022.0,,2024-06-17,2024-06-17,,,,,,
2024-06-16,,,,732936,225291,157224,1.43293009,3253.28575043,,Configuración de atribución múltiple,-,-,-,,,,3103.0,,2024-06-16,2024-06-16,,,,,,
2024-06-15,,,,683431,191265,123412,1.54980877,3573.21517267,,Configuración de atribución múltiple,-,-,-,,,,2964.0,,2024-06-15,2024-06-15,,,,,,
2024-06-14,,,,648572,185613,123206,1.50652566,3494.21646113,,Configuración de atribución múltiple,-,-,-,,,,2780.0,,2024-06-14,2024-06-14,,,,,,
2024-06-13,,,,643474,195897,135989,1.44053563,3284.75678545,,Configuración de atribución múltiple,-,-,-,,,,3005.0,,2024-06-13,2024-06-13,,,,,,
2024-06-12,,,,666791,202431,135099,1.49839007,3293.91743359,,Configuración de atribución múltiple,-,-,-,,,,3127.0,,2024-06-12,2024-06-12,,,,,,
2024-06-11,,,,675319,220240,147194,1.49625664,3066.28677806,,Configuración de atribución múltiple,-,-,-,,,,3375.0,,2024-06-11,2024-06-11,,,,,,
2024-06-10,,,,691216,227050,151635,1.4973456,3044.33384717,,Configuración de atribución múltiple,-,-,-,,,,3501.0,,2024-06-10,2024-06-10,,,,,,
2024-06-09,,,,745794,250202,162378,1.54086145,2980.76753983,,Configuración de atribución múltiple,-,-,-,,,,3776.0,,2024-06-09,2024-06-09,,,,,,
2024-06-08,,,,711073,222217,148278,1.49865118,3199.90369774,,Configuración de atribución múltiple,-,-,-,,,,3550.0,,2024-06-08,2024-06-08,,,,,,
2024-06-07,,,,734952,225322,151139,1.49082633,3261.78535607,,Configuración de atribución múltiple,-,-,-,,,,3526.0,,2024-06-07,2024-06-07,,,,,,
2024-06-06,,,,656796,206892,129063,1.60303108,3174.58384084,,Configuración de atribución múltiple,-,-,-,,,,3204.0,,2024-06-06,2024-06-06,,,,,,
2024-06-05,,,,709926,249386,159208,1.56641626,2846.69548411,,Configuración de atribución múltiple,-,-,-,,,,3821.0,,2024-06-05,2024-06-05,,,,,,
2024-06-04,,,,691417,260540,175139,1.48761841,2653.78444769,,Configuración de atribución múltiple,-,-,-,,,,3941.0,,2024-06-04,2024-06-04,,,,,,
2024-06-03,,,,720188,306654,189327,1.61970559,2348.53613519,,Configuración de atribución múltiple,-,-,-,,,,4715.0,,2024-06-03,2024-06-03,,,,,,
2024-06-02,,,,747754,267641,158401,1.68964211,2793.86939968,,Configuración de atribución múltiple,-,-,-,,,,4331.0,,2024-06-02,2024-06-02,,,,,,
2024-06-01,,,,729655,286176,181307,1.57840569,2549.67222968,,Configuración de atribución múltiple,-,-,-,,,,4216.0,,2024-06-01,2024-06-01,,,,,,
2024-05-31,,,,109928,34410,29731,1.15737782,3194.65271723,,Configuración de atribución múltiple,-,-,-,,,,1231.0,,2024-05-31,2024-05-31,,,,,,
2024-05-30,,,,422077,144862,115272,1.2566972,2913.64885201,,Configuración de atribución múltiple,-,-,-,,,,5416.0,,2024-05-30,2024-05-30,,,,,,
2024-05-29,,,,427302,146970,120233,1.22237655,2907.40967544,,Configuración de atribución múltiple,-,-,-,,,,4775.0,,2024-05-29,2024-05-29,,,,,,
2024-05-28,,,,389711,116481,88601,1.31466913,3345.70444965,,Configuración de atribución múltiple,-,-,-,,,,3778.0,,2024-05-28,2024-05-28,,,,,,
2024-05-27,,,,457007,156051,117857,1.3240707,2928.57463265,,Configuración de atribución múltiple,-,-,-,,,,4607.0,,2024-05-27,2024-05-27,,,,,,
2024-05-26,,,,476277,176777,133840,1.32080843,2694.22492745,,Configuración de atribución múltiple,-,-,-,,,,4578.0,,2024-05-26,2024-05-26,,,,,,
2024-05-25,,,,475949,192158,134435,1.42937479,2476.86279,,Configuración de atribución múltiple,-,-,-,,,,3087.0,,2024-05-25,2024-05-25,,,,,,
2024-05-24,,,,432994,144989,105558,1.37354819,2986.39207112,,Configuración de atribución múltiple,-,-,-,,,,2727.0,,2024-05-24,2024-05-24,,,,,,
2024-05-23,,,,452843,172896,129167,1.33854622,2619.16412178,,Configuración de atribución múltiple,-,-,-,,,,2929.0,,2024-05-23,2024-05-23,,,,,,
2024-05-22,,,,452080,172962,128044,1.35080129,2613.75330998,,Configuración de atribución múltiple,-,-,-,,,,3046.0,,2024-05-22,2024-05-22,,,,,,
2024-05-21,,,,444631,162700,117898,1.38000645,2732.82728949,,Configuración de atribución múltiple,-,-,-,,,,3810.0,,2024-05-21,2024-05-21,,,,,,
2024-05-20,,,,442244,158941,114198,1.39180196,2782.44128324,,Configuración de atribución múltiple,-,-,-,,,,3773.0,,2024-05-20,2024-05-20,,,,,,
2024-05-19,,,,543125,209271,153584,1.36258334,2595.3189883,,Configuración de atribución múltiple,-,-,-,,,,4201.0,,2024-05-19,2024-05-19,,,,,,
2024-05-18,,,,543054,181585,130345,1.39311059,2990.63248616,,Configuración de atribución múltiple,-,-,-,,,,4702.0,,2024-05-18,2024-05-18,,,,,,
2024-05-17,,,,504997,174481,124751,1.39863408,2894.28075263,,Configuración de atribución múltiple,-,-,-,,,,3198.0,,2024-05-17,2024-05-17,,,,,,
2024-05-16,,,,463737,154716,113327,1.36521747,2997.34351974,,Configuración de atribución múltiple,-,-,-,,,,3208.0,,2024-05-16,2024-05-16,,,,,,
2024-05-15,,,,446093,146764,105543,1.39056119,3039.52604181,,Configuración de atribución múltiple,-,-,-,,,,3398.0,,2024-05-15,2024-05-15,,,,,,
2024-05-14,,,,466305,200596,140594,1.42677497,2324.59769886,,Configuración de atribución múltiple,-,-,-,,,,2733.0,,2024-05-14,2024-05-14,,,,,,
2024-05-13,,,,484163,183480,133343,1.37600024,2638.77806845,,Configuración de atribución múltiple,-,-,-,,,,4322.0,,2024-05-13,2024-05-13,,,,,,
2024-05-12,,,,508023,197490,145713,1.35533549,2572.39860246,,Configuración de atribución múltiple,-,-,-,,,,4320.0,,2024-05-12,2024-05-12,,,,,,
2024-05-11,,,,510810,189626,140257,1.35198956,2693.77616993,,Configuración de atribución múltiple,-,-,-,,,,2933.0,,2024-05-11,2024-05-11,,,,,,
2024-05-10,,,,475652,169584,125312,1.35329418,2804.81649212,,Configuración de atribución múltiple,-,-,-,,,,3285.0,,2024-05-10,2024-05-10,,,,,,
2024-05-09,,,,473075,144497,104657,1.3806721,3273.94340367,,Configuración de atribución múltiple,-,-,-,,,,4114.0,,2024-05-09,2024-05-09,,,,,,
2024-05-08,,,,496630,166075,122800,1.35240228,2990.39590546,,Configuración de atribución múltiple,-,-,-,,,,4691.0,,2024-05-08,2024-05-08,,,,,,
2024-05-07,,,,500071,211569,165686,1.27692744,2363.63077767,,Configuración de atribución múltiple,-,-,-,,,,3527.0,,2024-05-07,2024-05-07,,,,,,
2024-05-06,,,,483036,181983,146312,1.24380092,2654.29188441,,Configuración de atribución múltiple,-,-,-,,,,3642.0,,2024-05-06,2024-05-06,,,,,,
2024-05-05,,,,508702,195568,144916,1.34952662,2601.15151763,,Configuración de atribución múltiple,-,-,-,,,,3890.0,,2024-05-05,2024-05-05,,,,,,
2024-05-04,,,,476964,166417,124710,1.33443188,2866.07738392,,Configuración de atribución múltiple,-,-,-,,,,3815.0,,2024-05-04,2024-05-04,,,,,,
2024-05-03,,,,493871,186061,138553,1.34288684,2654.3499175,,Configuración de atribución múltiple,-,-,-,,,,4308.0,,2024-05-03,2024-05-03,,,,,,
2024-05-02,,,,497768,163626,116242,1.40763235,3042.10822241,,Configuración de atribución múltiple,-,-,-,,,,4477.0,,2024-05-02,2024-05-02,,,,,,
2024-05-01,,,,457759,200594,145438,1.37924064,2282.0174083,,Configuración de atribución múltiple,-,-,-,,,,3661.0,,2024-05-01,2024-05-01,,,,,,
2024-04-30,,,,165692,52420,43490,1.20533456,3160.85463564,,Configuración de atribución múltiple,-,-,-,,,,824.0,,2024-04-30,2024-04-30,,,,,,
2024-04-29,,,,533001,205010,148953,1.37634019,2599.87805473,,Configuración de atribución múltiple,-,-,-,,,,3297.0,,2024-04-29,2024-04-29,,,,,,
2024-04-28,,,,584940,249439,188602,1.32256816,2345.02222988,,Configuración de atribución múltiple,-,-,-,,,,4227.0,,2024-04-28,2024-04-28,,,,,,
2024-04-27,,,,581922,222779,169193,1.31671523,2612.10437249,,Configuración de atribución múltiple,-,-,-,,,,3566.0,,2024-04-27,2024-04-27,,,,,,
2024-04-26,,,,654303,266794,198156,1.34638366,2452.46519787,,Configuración de atribución múltiple,-,-,-,,,,4898.0,,2024-04-26,2024-04-26,,,,,,
2024-04-25,,,,673664,273204,206907,1.32041932,2465.79113044,,Configuración de atribución múltiple,-,-,-,,,,5189.0,,2024-04-25,2024-04-25,,,,,,
2024-04-24,,,,549482,179241,133844,1.33917845,3065.60440971,,Configuración de atribución múltiple,-,-,-,,,,3452.0,,2024-04-24,2024-04-24,,,,,,
2024-04-20,,,,409737,175300,131646,1.33160142,2337.34740445,,Configuración de atribución múltiple,-,-,-,,,,3143.0,,2024-04-20,2024-04-20,,,,,,
2024-04-19,,,,406381,173944,126775,1.37206863,2336.27489307,,Configuración de atribución múltiple,-,-,-,,,,2887.0,,2024-04-19,2024-04-19,,,,,,
2024-04-18,,,,436138,198881,143313,1.38773873,2192.95960901,,Configuración de atribución múltiple,-,-,-,,,,3522.0,,2024-04-18,2024-04-18,,,,,,
2024-04-17,,,,445544,194604,148958,1.30643537,2289.49045241,,Configuración de atribución múltiple,-,-,-,,,,3454.0,,2024-04-17,2024-04-17,,,,,,
2024-04-16,,,,375204,158949,117821,1.3490719,2360.53073627,,Configuración de atribución múltiple,-,-,-,,,,2949.0,,2024-04-16,2024-04-16,,,,,,
2024-04-15,,,,448246,212890,154245,1.38020681,2105.52867678,,Configuración de atribución múltiple,-,-,-,,,,3709.0,,2024-04-15,2024-04-15,,,,,,
2024-04-14,,,,471963,222154,168172,1.32099279,2124.48571712,,Configuración de atribución múltiple,-,-,-,,,,4103.0,,2024-04-14,2024-04-14,,,,,,
2024-04-13,,,,443710,190041,142922,1.32968332,2334.81196163,,Configuración de atribución múltiple,-,-,-,,,,3533.0,,2024-04-13,2024-04-13,,,,,,
2024-04-12,,,,387975,148747,115024,1.29318229,2608.28789824,,Configuración de atribución múltiple,-,-,-,,,,2530.0,,2024-04-12,2024-04-12,,,,,,
2024-04-11,,,,391281,140536,105212,1.33574117,2784.20475892,,Configuración de atribución múltiple,-,-,-,,,,2555.0,,2024-04-11,2024-04-11,,,,,,
2024-04-10,,,,391753,150819,110395,1.366176,2597.50429323,,Configuración de atribución múltiple,-,-,-,,,,2827.0,,2024-04-10,2024-04-10,,,,,,
2024-04-09,,,,404995,162438,121306,1.33907639,2493.22818552,,Configuración de atribución múltiple,-,-,-,,,,3048.0,,2024-04-09,2024-04-09,,,,,,
2024-04-08,,,,412518,166278,120668,1.37797925,2480.89344351,,Configuración de atribución múltiple,-,-,-,,,,3167.0,,2024-04-08,2024-04-08,,,,,,
2024-04-07,,,,423837,171679,127879,1.34251128,2468.77602968,,Configuración de atribución múltiple,-,-,-,,,,3324.0,,2024-04-07,2024-04-07,,,,,,
2024-04-06,,,,411554,155715,113259,1.37485763,2642.99521562,,Configuración de atribución múltiple,-,-,-,,,,3170.0,,2024-04-06,2024-04-06,,,,,,
2024-04-05,,,,400701,143934,102204,1.40830104,2783.92179749,,Configuración de atribución múltiple,-,-,-,,,,2900.0,,2024-04-05,2024-04-05,,,,,,
2024-04-04,,,,387819,142438,111054,1.28260126,2722.72146478,,Configuración de atribución múltiple,-,-,-,,,,3080.0,,2024-04-04,2024-04-04,,,,,,
2024-04-03,,,,389053,150890,114388,1.3191069,2578.38822984,,Configuración de atribución múltiple,-,-,-,,,,3081.0,,2024-04-03,2024-04-03,,,,,,
2024-04-02,,,,410245,152977,111403,1.37318564,2681.74300712,,Configuración de atribución múltiple,-,-,-,,,,3702.0,,2024-04-02,2024-04-02,,,,,,
2024-04-01,,,,408248,166854,111203,1.50044513,2446.73786664,,Configuración de atribución múltiple,-,-,-,,,,4261.0,,2024-04-01,2024-04-01,,,,,,
2024-03-31,,,,162696,38737,27674,1.39976151,4200.01548907,,Configuración de atribución múltiple,-,-,-,,,,792.0,,2024-03-31,2024-03-31,,,,,,
2024-03-30,,,,650860,213918,133872,1.59792937,3042.56771286,,Configuración de atribución múltiple,-,-,-,,,,3786.0,,2024-03-30,2024-03-30,,,,,,
2024-03-29,,,,687125,239893,166413,1.44155204,2864.29783278,,Configuración de atribución múltiple,-,-,-,,,,4241.0,,2024-03-29,2024-03-29,,,,,,
2024-03-28,,,,723118,260830,177950,1.46574881,2772.37280988,,Configuración de atribución múltiple,-,-,-,,,,4230.0,,2024-03-28,2024-03-28,,,,,,
2024-03-27,,,,683279,221213,142688,1.55032659,3088.78320894,,Configuración de atribución múltiple,-,-,-,,,,3595.0,,2024-03-27,2024-03-27,,,,,,
2024-03-26,,,,441997,129608,95805,1.35283127,3410.26016913,,Configuración de atribución múltiple,-,-,-,,,,1969.0,,2024-03-26,2024-03-26,,,,,,
2024-03-21,,,,198816,50934,31864,1.59848104,3903.4044057,,Configuración de atribución múltiple,-,-,-,,,,1069.0,,2024-03-21,2024-03-21,,,,,,
2024-03-20,,,,389233,128106,86820,1.47553559,3038.36666511,,Configuración de atribución múltiple,-,-,-,,,,2077.0,,2024-03-20,2024-03-20,,,,,,
2024-03-19,,,,410756,145272,93504,1.55364476,2827.49600749,,Configuración de atribución múltiple,-,-,-,,,,2276.0,,2024-03-19,2024-03-19,,,,,,
2024-03-18,,,,414067,144259,95684,1.50766063,2870.30271941,,Configuración de atribución múltiple,-,-,-,,,,2191.0,,2024-03-18,2024-03-18,,,,,,
2024-03-17,,,,412129,135639,92085,1.47297605,3038.42552658,,Configuración de atribución múltiple,-,-,-,,,,1836.0,,2024-03-17,2024-03-17,,,,,,
2024-03-16,,,,389603,121698,83269,1.46150428,3201.39197029,,Configuración de atribución múltiple,-,-,-,,,,1755.0,,2024-03-16,2024-03-16,,,,,,
2024-03-15,,,,387474,120030,85781,1.39926091,3228.14296426,,Configuración de atribución múltiple,-,-,-,,,,1742.0,,2024-03-15,2024-03-15,,,,,,
2024-03-14,,,,395866,120437,79982,1.50580131,3286.91349004,,Configuración de atribución múltiple,-,-,-,,,,1812.0,,2024-03-14,2024-03-14,,,,,,
2024-03-13,,,,391470,124704,82701,1.50788987,3139.19361047,,Configuración de atribución múltiple,-,-,-,,,,1764.0,,2024-03-13,2024-03-13,,,,,,
2024-03-12,,,,406113,142479,97424,1.46246305,2850.33583897,,Configuración de atribución múltiple,-,-,-,,,,2077.0,,2024-03-12,2024-03-12,,,,,,
2024-03-11,,,,404970,146994,100053,1.46916134,2755.01040859,,Configuración de atribución múltiple,-,-,-,,,,2332.0,,2024-03-11,2024-03-11,,,,,,
2024-03-10,,,,413303,149088,105599,1.41183155,2772.20836016,,Configuración de atribución múltiple,-,-,-,,,,2314.0,,2024-03-10,2024-03-10,,,,,,
2024-03-09,,,,397433,120964,83419,1.45007732,3285.54776628,,Configuración de atribución múltiple,-,-,-,,,,1895.0,,2024-03-09,2024-03-09,,,,,,
2024-03-08,,,,382483,114559,78237,1.46425604,3338.74248204,,Configuración de atribución múltiple,-,-,-,,,,1477.0,,2024-03-08,2024-03-08,,,,,,
2024-03-07,,,,395492,119507,82809,1.44316439,3309.36263148,,Configuración de atribución múltiple,-,-,-,,,,1479.0,,2024-03-07,2024-03-07,,,,,,
2024-03-06,,,,360175,102113,67627,1.50994425,3527.21984468,,Configuración de atribución múltiple,-,-,-,,,,1444.0,,2024-03-06,2024-03-06,,,,,,
2024-03-05,,,,990847,363885,262320,1.38717978,2722.96742103,,Configuración de atribución múltiple,-,-,-,,,,4157.0,,2024-03-05,2024-03-05,,,,,,
2024-03-04,,,,1007487,417076,278130,1.49957214,2415.59571877,,Configuración de atribución múltiple,-,-,-,,,,4369.0,,2024-03-04,2024-03-04,,,,,,
2024-03-03,,,,1127918,457922,281581,1.62625319,2463.12254052,,Configuración de atribución múltiple,-,-,-,,,,4758.0,,2024-03-03,2024-03-03,,,,,,
2024-03-02,,,,1061804,395120,252208,1.56664341,2687.29499899,,Configuración de atribución múltiple,-,-,-,,,,4391.0,,2024-03-02,2024-03-02,,,,,,
2024-03-01,,,,1011725,337539,203064,1.66222964,2997.35734241,,Configuración de atribución múltiple,-,-,-,,,,4500.0,,2024-03-01,2024-03-01,,,,,,
2024-02-29,,,,43712,8893,7040,1.26321023,4915.32666142,,Configuración de atribución múltiple,-,-,-,,,,404.0,,2024-02-29,2024-02-29,,,,,,
2024-02-28,,,,386091,132247,96282,1.37353815,2919.46887264,,Configuración de atribución múltiple,-,-,-,,,,2803.0,,2024-02-28,2024-02-28,,,,,,
2024-02-27,,,,389612,141105,104866,1.34557435,2761.1494986,,Configuración de atribución múltiple,-,-,-,,,,2894.0,,2024-02-27,2024-02-27,,,,,,
2024-02-26,,,,426998,156114,116462,1.34047157,2735.16789013,,Configuración de atribución múltiple,-,-,-,,,,3084.0,,2024-02-26,2024-02-26,,,,,,
2024-02-25,,,,426908,167377,132891,1.25950591,2550.57743896,,Configuración de atribución múltiple,-,-,-,,,,3298.0,,2024-02-25,2024-02-25,,,,,,
2024-02-24,,,,418429,156598,121389,1.29005099,2671.99453377,,Configuración de atribución múltiple,-,-,-,,,,3182.0,,2024-02-24,2024-02-24,,,,,,
2024-02-23,,,,401343,135997,103335,1.31607877,2951.11656875,,Configuración de atribución múltiple,-,-,-,,,,3115.0,,2024-02-23,2024-02-23,,,,,,
2024-02-22,,,,416009,148481,109181,1.35995274,2801.7658825,,Configuración de atribución múltiple,-,-,-,,,,3318.0,,2024-02-22,2024-02-22,,,,,,
2024-02-21,,,,415566,143203,103874,1.37862218,2901.93641195,,Configuración de atribución múltiple,-,-,-,,,,3077.0,,2024-02-21,2024-02-21,,,,,,
2024-02-20,,,,413500,145772,110595,1.31807044,2836.62157342,,Configuración de atribución múltiple,-,-,-,,,,3375.0,,2024-02-20,2024-02-20,,,,,,
2024-02-19,,,,414134,136534,94649,1.44252977,3033.1931973,,Configuración de atribución múltiple,-,-,-,,,,3676.0,,2024-02-19,2024-02-19,,,,,,
2024-02-18,,,,176656,47312,35960,1.31568409,3733.8518769,,Configuración de atribución múltiple,-,-,-,,,,2085.0,,2024-02-18,2024-02-18,,,,,,
2024-02-17,,,,409293,206344,159677,1.29225875,1983.54689257,,Configuración de atribución múltiple,-,-,-,,,,3173.0,,2024-02-17,2024-02-17,,,,,,
2024-02-16,,,,403617,210322,161933,1.29882112,1919.04318141,,Configuración de atribución múltiple,-,-,-,,,,3413.0,,2024-02-16,2024-02-16,,,,,,
2024-02-15,,,,388101,215187,165717,1.29852097,1803.5522592,,Configuración de atribución múltiple,-,-,-,,,,3393.0,,2024-02-15,2024-02-15,,,,,,
2024-02-14,,,,557033,210841,154279,1.36662151,2641.95768375,,Configuración de atribución múltiple,-,-,-,,,,3457.0,,2024-02-14,2024-02-14,,,,,,
2024-02-13,,,,444671,229579,171876,1.33572459,1936.89753854,,Configuración de atribución múltiple,-,-,-,,,,3860.0,,2024-02-13,2024-02-13,,,,,,
2024-02-12,,,,439384,230138,169455,1.35810687,1909.21968558,,Configuración de atribución múltiple,-,-,-,,,,3900.0,,2024-02-12,2024-02-12,,,,,,
2024-02-11,,,,463541,257225,199820,1.28728356,1802.08377879,,Configuración de atribución múltiple,-,-,-,,,,4054.0,,2024-02-11,2024-02-11,,,,,,
2024-02-10,,,,437336,236904,178319,1.32854042,1846.04734407,,Configuración de atribución múltiple,-,-,-,,,,4239.0,,2024-02-10,2024-02-10,,,,,,
2024-02-09,,,,442909,219747,164526,1.33563692,2015.54059896,,Configuración de atribución múltiple,-,-,-,,,,4406.0,,2024-02-09,2024-02-09,,,,,,
2024-02-08,,,,441745,208001,156416,1.32979363,2123.76382806,,Configuración de atribución múltiple,-,-,-,,,,4236.0,,2024-02-08,2024-02-08,,,,,,
2024-02-07,,,,456630,210533,156543,1.34488926,2168.92363667,,Configuración de atribución múltiple,-,-,-,,,,4447.0,,2024-02-07,2024-02-07,,,,,,
2024-02-06,,,,445974,215295,159325,1.35129452,2071.45544485,,Configuración de atribución múltiple,-,-,-,,,,4642.0,,2024-02-06,2024-02-06,,,,,,
2024-02-05,,,,450677,236582,168220,1.4063845,1904.95050342,,Configuración de atribución múltiple,-,-,-,,,,5173.0,,2024-02-05,2024-02-05,,,,,,
2024-02-04,,,,469881,238051,181158,1.31405182,1973.86694448,,Configuración de atribución múltiple,-,-,-,,,,5409.0,,2024-02-04,2024-02-04,,,,,,
2024-02-03,,,,466568,222140,152673,1.45500514,2100.33312326,,Configuración de atribución múltiple,-,-,-,,,,5475.0,,2024-02-03,2024-02-03,,,,,,
2024-02-02,,,,155248,59050,40545,1.45640646,2629.09398815,,Configuración de atribución múltiple,-,-,-,,,,2042.0,,2024-02-02,2024-02-02,,,,,,
2024-02-01,,,,70934,31078,25526,1.21750372,2282.45060815,,Configuración de atribución múltiple,-,-,-,,,,946.0,,2024-02-01,2024-02-01,,,,,,
2024-01-29,,,,182611,69487,47224,1.47143402,2627.98796897,,Configuración de atribución múltiple,-,-,-,,,,1112.0,,2024-01-29,2024-01-29,,,,,,
2024-01-28,,,,438262,202446,133636,1.51490616,2164.83407921,,Configuración de atribución múltiple,-,-,-,,,,3089.0,,2024-01-28,2024-01-28,,,,,,
2024-01-27,,,,437210,184691,122652,1.5058132,2367.25124668,,Configuración de atribución múltiple,-,-,-,,,,3025.0,,2024-01-27,2024-01-27,,,,,,
2024-01-26,,,,425425,186841,124292,1.50324236,2276.93600441,,Configuración de atribución múltiple,-,-,-,,,,3041.0,,2024-01-26,2024-01-26,,,,,,
2024-01-25,,,,416237,183845,121314,1.51544752,2264.06483723,,Configuración de atribución múltiple,-,-,-,,,,3080.0,,2024-01-25,2024-01-25,,,,,,
2024-01-24,,,,436868,189280,125189,1.51195393,2308.05156382,,Configuración de atribución múltiple,-,-,-,,,,3174.0,,2024-01-24,2024-01-24,,,,,,
2024-01-23,,,,508634,229716,146533,1.56767418,2214.18621254,,Configuración de atribución múltiple,-,-,-,,,,3790.0,,2024-01-23,2024-01-23,,,,,,
2024-01-22,,,,549730,260721,165171,1.57849138,2108.49912358,,Configuración de atribución múltiple,-,-,-,,,,4324.0,,2024-01-22,2024-01-22,,,,,,
2024-01-21,,,,620511,298684,191513,1.5596017,2077.48322642,,Configuración de atribución múltiple,-,-,-,,,,4827.0,,2024-01-21,2024-01-21,,,,,,
2024-01-20,,,,598246,277061,182221,1.52046691,2159.25734766,,Configuración de atribución múltiple,-,-,-,,,,4234.0,,2024-01-20,2024-01-20,,,,,,
2024-01-19,,,,574631,254948,162719,1.56679921,2253.91452375,,Configuración de atribución múltiple,-,-,-,,,,4362.0,,2024-01-19,2024-01-19,,,,,,
2024-01-18,,,,598932,262509,167632,1.56598382,2281.56748911,,Configuración de atribución múltiple,-,-,-,,,,4694.0,,2024-01-18,2024-01-18,,,,,,
2024-01-17,,,,611728,285475,179862,1.58718907,2142.8426307,,Configuración de atribución múltiple,-,-,-,,,,4659.0,,2024-01-17,2024-01-17,,,,,,
2024-01-16,,,,595943,279505,187664,1.48939061,2132.13717107,,Configuración de atribución múltiple,-,-,-,,,,4470.0,,2024-01-16,2024-01-16,,,,,,
2024-01-15,,,,463886,236134,163605,1.44331775,1964.50320581,,Configuración de atribución múltiple,-,-,-,,,,3924.0,,2024-01-15,2024-01-15,,,,,,
2024-01-14,,,,463440,250307,169297,1.47850818,1851.48637473,,Configuración de atribución múltiple,-,-,-,,,,4181.0,,2024-01-14,2024-01-14,,,,,,
2024-01-13,,,,441866,234167,157841,1.48356257,1886.96955592,,Configuración de atribución múltiple,-,-,-,,,,4056.0,,2024-01-13,2024-01-13,,,,,,
2024-01-12,,,,449167,234265,153139,1.52975401,1917.34574093,,Configuración de atribución múltiple,-,-,-,,,,3793.0,,2024-01-12,2024-01-12,,,,,,
2024-01-11,,,,423471,217821,148635,1.46547583,1944.12384481,,Configuración de atribución múltiple,-,-,-,,,,3908.0,,2024-01-11,2024-01-11,,,,,,
2024-01-10,,,,422068,228419,160557,1.42266609,1847.77973811,,Configuración de atribución múltiple,-,-,-,,,,3818.0,,2024-01-10,2024-01-10,,,,,,
2024-01-09,,,,356022,215942,165088,1.30804177,1648.69270452,,Configuración de atribución múltiple,-,-,-,,,,3406.0,,2024-01-09,2024-01-09,,,,,,
2024-01-08,,,,368939,235515,184406,1.27715476,1566.52017918,,Configuración de atribución múltiple,-,-,-,,,,3596.0,,2024-01-08,2024-01-08,,,,,,
2024-01-07,,,,389506,237816,178545,1.33196673,1637.84606587,,Configuración de atribución múltiple,-,-,-,,,,3761.0,,2024-01-07,2024-01-07,,,,,,
2024-01-06,,,,370802,216949,163705,1.32524358,1709.16667051,,Configuración de atribución múltiple,-,-,-,,,,3160.0,,2024-01-06,2024-01-06,,,,,,
2024-01-05,,,,352172,208401,151834,1.37255819,1689.87672804,,Configuración de atribución múltiple,-,-,-,,,,3136.0,,2024-01-05,2024-01-05,,,,,,
2024-01-04,,,,365838,239390,179279,1.33529303,1528.20919838,,Configuración de atribución múltiple,-,-,-,,,,4189.0,,2024-01-04,2024-01-04,,,,,,
2024-01-03,,,,376700,265874,202198,1.31491904,1416.83654663,,Configuración de atribución múltiple,-,-,-,,,,4289.0,,2024-01-03,2024-01-03,,,,,,
2024-01-02,,,,374214,256960,181580,1.41513383,1456.3122665,,Configuración de atribución múltiple,-,-,-,,,,3953.0,,2024-01-02,2024-01-02,,,,,,
2024-01-01,,,,315392,204931,139571,1.46829212,1539.01557109,,Configuración de atribución múltiple,-,-,-,,,,3387.0,,2024-01-01,2024-01-01,,,,,,
2023-12-31,,,,204585,83738,64152,1.30530615,2443.1560343,,Configuración de atribución múltiple,-,-,-,,,,1750.0,,2023-12-31,2023-12-31,,,,,,
2023-12-30,,,,790728,320405,216861,1.47746713,2467.90156209,,Configuración de atribución múltiple,-,-,-,,,,7760.0,,2023-12-30,2023-12-30,,,,,,
2023-12-29,,,,765824,304318,218211,1.39460431,2516.52547664,,Configuración de atribución múltiple,-,-,-,,,,7688.0,,2023-12-29,2023-12-29,,,,,,
2023-12-28,,,,781435,308336,215971,1.42767316,2534.36186498,,Configuración de atribución múltiple,-,-,-,,,,7855.0,,2023-12-28,2023-12-28,,,,,,
2023-12-27,,,,816512,286916,195468,1.46784128,2845.82247069,,Configuración de atribución múltiple,-,-,-,,,,7640.0,,2023-12-27,2023-12-27,,,,,,
2023-12-26,,,,815051,322679,226629,1.42382043,2525.88795676,,Configuración de atribución múltiple,-,-,-,,,,8434.0,,2023-12-26,2023-12-26,,,,,,
2023-12-25,,,,846131,338949,240863,1.40722735,2496.33720707,,Configuración de atribución múltiple,-,-,-,,,,7373.0,,2023-12-25,2023-12-25,,,,,,
2023-12-24,,,,762791,253902,171391,1.48141968,3004.2733023,,Configuración de atribución múltiple,-,-,-,,,,4976.0,,2023-12-24,2023-12-24,,,,,,
2023-12-23,,,,777383,233201,152600,1.5281848,3333.53201744,,Configuración de atribución múltiple,-,-,-,,,,4751.0,,2023-12-23,2023-12-23,,,,,,
2023-12-22,,,,742288,231104,154910,1.49185979,3211.92190529,,Configuración de atribución múltiple,-,-,-,,,,6109.0,,2023-12-22,2023-12-22,,,,,,
2023-12-21,,,,772754,234835,162797,1.44250201,3290.62533268,,Configuración de atribución múltiple,-,-,-,,,,6347.0,,2023-12-21,2023-12-21,,,,,,
2023-12-20,,,,774049,236966,160176,1.47941015,3266.49814741,,Configuración de atribución múltiple,-,-,-,,,,6298.0,,2023-12-20,2023-12-20,,,,,,
2023-12-19,,,,819463,250375,165506,1.51278503,3272.94258612,,Configuración de atribución múltiple,-,-,-,,,,6454.0,,2023-12-19,2023-12-19,,,,,,
2023-12-18,,,,502224,179458,133308,1.34619078,2798.56010877,,Configuración de atribución múltiple,-,-,-,,,,4405.0,,2023-12-18,2023-12-18,,,,,,
2023-12-17,,,,753790,228513,152183,1.50156719,3298.67447366,,Configuración de atribución múltiple,-,-,-,,,,6180.0,,2023-12-17,2023-12-17,,,,,,
2023-12-16,,,,815231,245312,170448,1.439219,3323.24142317,,Configuración de atribución múltiple,-,-,-,,,,6405.0,,2023-12-16,2023-12-16,,,,,,
2023-12-15,,,,711889,214932,145324,1.47898489,3312.15919454,,Configuración de atribución múltiple,-,-,-,,,,5135.0,,2023-12-15,2023-12-15,,,,,,
2023-12-14,,,,947246,292929,208615,1.40416077,3233.70509577,,Configuración de atribución múltiple,-,-,-,,,,7711.0,,2023-12-14,2023-12-14,,,,,,
2023-12-13,,,,921474,333579,240847,1.38502452,2762.38612143,,Configuración de atribución múltiple,-,-,-,,,,7792.0,,2023-12-13,2023-12-13,,,,,,
2023-12-12,,,,969637,330441,222168,1.48734741,2934.37255062,,Configuración de atribución múltiple,-,-,-,,,,9098.0,,2023-12-12,2023-12-12,,,,,,
2023-12-11,,,,758997,291276,187560,1.55297505,2605.76566555,,Configuración de atribución múltiple,-,-,-,,,,5452.0,,2023-12-11,2023-12-11,,,,,,
2023-12-10,,,,833294,297936,193620,1.53876666,2796.88926481,,Configuración de atribución múltiple,-,-,-,,,,7673.0,,2023-12-10,2023-12-10,,,,,,
2023-12-09,,,,806831,280239,183010,1.53127698,2879.08178376,,Configuración de atribución múltiple,-,-,-,,,,7463.0,,2023-12-09,2023-12-09,,,,,,
2023-12-08,,,,793042,266340,180828,1.47289137,2977.55500488,,Configuración de atribución múltiple,-,-,-,,,,6418.0,,2023-12-08,2023-12-08,,,,,,
2023-12-07,,,,719734,228824,142786,1.60256608,3145.36062651,,Configuración de atribución múltiple,-,-,-,,,,4637.0,,2023-12-07,2023-12-07,,,,,,
2023-12-06,,,,759463,232437,156466,1.48554319,3267.39288495,,Configuración de atribución múltiple,-,-,-,,,,5908.0,,2023-12-06,2023-12-06,,,,,,
2023-12-05,,,,824592,264105,180628,1.46214873,3122.21275629,,Configuración de atribución múltiple,-,-,-,,,,5191.0,,2023-12-05,2023-12-05,,,,,,
2023-12-04,,,,776527,249799,159362,1.56749413,3108.60732029,,Configuración de atribución múltiple,-,-,-,,,,3797.0,,2023-12-04,2023-12-04,,,,,,
2023-12-03,,,,848874,295205,197632,1.49371053,2875.54072594,,Configuración de atribución múltiple,-,-,-,,,,7429.0,,2023-12-03,2023-12-03,,,,,,
2023-12-02,,,,809915,303332,215637,1.40667882,2670.06118708,,Configuración de atribución múltiple,-,-,-,,,,5180.0,,2023-12-02,2023-12-02,,,,,,
2023-12-01,,,,730944,221081,147119,1.50273588,3306.22712942,,Configuración de atribución múltiple,-,-,-,,,,4549.0,,2023-12-01,2023-12-01,,,,,,
2023-11-30,,,,298022,74058,46370,1.5971102,4024.17024494,,Configuración de atribución múltiple,-,-,-,,,,1114.0,,2023-11-30,2023-11-30,,,,,,
2023-11-29,,,,332334,83550,62821,1.32996928,3977.66606822,,Configuración de atribución múltiple,-,-,-,,,,1888.0,,2023-11-29,2023-11-29,,,,,,
2023-11-28,,,,532973,119512,83109,1.43801514,4459.57728094,,Configuración de atribución múltiple,-,-,-,,,,2387.0,,2023-11-28,2023-11-28,,,,,,
2023-11-27,,,,4241512,924855,527009,1.7549131,4586.13728639,,Configuración de atribución múltiple,-,-,-,,,,11312.0,,2023-11-27,2023-11-27,,,,,,
2023-11-26,,,,2763626,806071,580200,1.38929852,3428.51436164,,Configuración de atribución múltiple,-,-,-,,,,11078.0,,2023-11-26,2023-11-26,,,,,,
2023-11-25,,,,2772432,777412,543775,1.42965749,3566.23257681,,Configuración de atribución múltiple,-,-,-,,,,10239.0,,2023-11-25,2023-11-25,,,,,,
2023-11-24,,,,1714747,451297,325374,1.38701003,3799.59760424,,Configuración de atribución múltiple,-,-,-,,,,5798.0,,2023-11-24,2023-11-24,,,,,,
2023-11-23,,,,1017280,306087,216580,1.41327454,3323.49952791,,Configuración de atribución múltiple,-,-,-,,,,4870.0,,2023-11-23,2023-11-23,,,,,,
2023-11-22,,,,1986601,674309,405195,1.66415923,2946.12855531,,Configuración de atribución múltiple,-,-,-,,,,10995.0,,2023-11-22,2023-11-22,,,,,,
2023-11-21,,,,310637,91894,64126,1.43302249,3380.3839206,,Configuración de atribución múltiple,-,-,-,,,,3280.0,,2023-11-21,2023-11-21,,,,,,
2023-11-20,,,,590402,231803,163717,1.41587618,2546.99896032,,Configuración de atribución múltiple,-,-,-,,,,4861.0,,2023-11-20,2023-11-20,,,,,,
2023-11-19,,,,628597,264667,185130,1.42962783,2375.04864603,,Configuración de atribución múltiple,-,-,-,,,,5421.0,,2023-11-19,2023-11-19,,,,,,
2023-11-18,,,,612765,242692,167192,1.45157663,2524.8669095,,Configuración de atribución múltiple,-,-,-,,,,5123.0,,2023-11-18,2023-11-18,,,,,,
2023-11-17,,,,531700,187317,115350,1.62390117,2838.50371296,,Configuración de atribución múltiple,-,-,-,,,,3530.0,,2023-11-17,2023-11-17,,,,,,
2023-11-16,,,,573201,210077,135512,1.55024647,2728.52811112,,Configuración de atribución múltiple,-,-,-,,,,4405.0,,2023-11-16,2023-11-16,,,,,,
2023-11-15,,,,566415,219871,142107,1.54722146,2576.12418191,,Configuración de atribución múltiple,-,-,-,,,,3951.0,,2023-11-15,2023-11-15,,,,,,
2023-11-14,,,,562499,264367,165493,1.59745125,2127.72017688,,Configuración de atribución múltiple,-,-,-,,,,2650.0,,2023-11-14,2023-11-14,,,,,,
2023-11-13,,,,519702,268957,172483,1.55932469,1932.28657369,,Configuración de atribución múltiple,-,-,-,,,,2685.0,,2023-11-13,2023-11-13,,,,,,
2023-11-12,,,,549319,266703,178013,1.49822204,2059.66562056,,Configuración de atribución múltiple,-,-,-,,,,2775.0,,2023-11-12,2023-11-12,,,,,,
2023-11-11,,,,543365,241345,156573,1.54142157,2251.40359237,,Configuración de atribución múltiple,-,-,-,,,,2581.0,,2023-11-11,2023-11-11,,,,,,
2023-11-10,,,,523059,231649,153372,1.51037347,2257.98082444,,Configuración de atribución múltiple,-,-,-,,,,2414.0,,2023-11-10,2023-11-10,,,,,,
2023-11-09,,,,544071,236960,151719,1.56183471,2296.04574612,,Configuración de atribución múltiple,-,-,-,,,,2537.0,,2023-11-09,2023-11-09,,,,,,
2023-11-08,,,,524500,249721,165636,1.5076493,2100.34398389,,Configuración de atribución múltiple,-,-,-,,,,2699.0,,2023-11-08,2023-11-08,,,,,,
2023-11-07,,,,507790,250640,160289,1.56367561,2025.97350782,,Configuración de atribución múltiple,-,-,-,,,,2826.0,,2023-11-07,2023-11-07,,,,,,
2023-11-06,,,,553026,290115,198839,1.45904475,1906.23028799,,Configuración de atribución múltiple,-,-,-,,,,3324.0,,2023-11-06,2023-11-06,,,,,,
2023-11-05,,,,567279,285170,193544,1.47341173,1989.26605183,,Configuración de atribución múltiple,-,-,-,,,,3397.0,,2023-11-05,2023-11-05,,,,,,
2023-11-04,,,,551797,266381,178542,1.49197948,2071.45779917,,Configuración de atribución múltiple,-,-,-,,,,2981.0,,2023-11-04,2023-11-04,,,,,,
2023-11-03,,,,524653,217748,136192,1.59883106,2409.45037383,,Configuración de atribución múltiple,-,-,-,,,,2984.0,,2023-11-03,2023-11-03,,,,,,
2023-11-02,,,,550008,231593,140399,1.64953454,2374.89043279,,Configuración de atribución múltiple,-,-,-,,,,3317.0,,2023-11-02,2023-11-02,,,,,,
2023-11-01,,,,480696,191060,114246,1.67235614,2515.94263582,,Configuración de atribución múltiple,-,-,-,,,,3719.0,,2023-11-01,2023-11-01,,,,,,
2023-10-31,,,,613258,377942,260859,1.44883634,1622.62463553,,Configuración de atribución múltiple,-,-,-,,,,3795.0,,2023-10-31,2023-10-31,,,,,,
2023-10-30,,,,773723,443170,296899,1.49266249,1745.8830697,,Configuración de atribución múltiple,-,-,-,,,,4840.0,,2023-10-30,2023-10-30,,,,,,
2023-10-29,,,,875591,550101,385775,1.42596332,1591.69134395,,Configuración de atribución múltiple,-,-,-,,,,5698.0,,2023-10-29,2023-10-29,,,,,,
2023-10-28,,,,850746,392808,265462,1.47971461,2165.80619539,,Configuración de atribución múltiple,-,-,-,,,,5282.0,,2023-10-28,2023-10-28,,,,,,
2023-10-27,,,,790424,350179,245717,1.42513135,2257.1998892,,Configuración de atribución múltiple,-,-,-,,,,4614.0,,2023-10-27,2023-10-27,,,,,,
2023-10-26,,,,857013,349030,234574,1.48793131,2455.41357476,,Configuración de atribución múltiple,-,-,-,,,,5195.0,,2023-10-26,2023-10-26,,,,,,
2023-10-25,,,,813123,281728,174769,1.61200213,2886.19874489,,Configuración de atribución múltiple,-,-,-,,,,4813.0,,2023-10-25,2023-10-25,,,,,,
2023-10-24,,,,823392,255587,155526,1.64337153,3221.57230219,,Configuración de atribución múltiple,-,-,-,,,,4816.0,,2023-10-24,2023-10-24,,,,,,
2023-10-23,,,,206257,53897,35977,1.49809601,3826.8734809,,Configuración de atribución múltiple,-,-,-,,,,1059.0,,2023-10-23,2023-10-23,,,,,,
2023-10-22,,,,226067,57225,38727,1.47765125,3950.49366536,,Configuración de atribución múltiple,-,-,-,,,,1593.0,,2023-10-22,2023-10-22,,,,,,
2023-10-21,,,,226705,56097,37823,1.48314518,4041.30345651,,Configuración de atribución múltiple,-,-,-,,,,1595.0,,2023-10-21,2023-10-21,,,,,,
2023-10-20,,,,210258,49874,31845,1.56614853,4215.78377511,,Configuración de atribución múltiple,-,-,-,,,,1478.0,,2023-10-20,2023-10-20,,,,,,
2023-10-19,,,,212523,49244,31914,1.54302187,4315.71358947,,Configuración de atribución múltiple,-,-,-,,,,1426.0,,2023-10-19,2023-10-19,,,,,,
2023-10-18,,,,220361,54755,35318,1.5503426,4024.49091407,,Configuración de atribución múltiple,-,-,-,,,,1541.0,,2023-10-18,2023-10-18,,,,,,
2023-10-17,,,,218272,54981,33749,1.62911494,3969.95325658,,Configuración de atribución múltiple,-,-,-,,,,1673.0,,2023-10-17,2023-10-17,,,,,,
2023-10-16,,,,200831,58838,39243,1.49932472,3413.28733132,,Configuración de atribución múltiple,-,-,-,,,,1622.0,,2023-10-16,2023-10-16,,,,,,
2023-10-15,,,,418981,138362,87859,1.57481874,3028.15079285,,Configuración de atribución múltiple,-,-,-,,,,2665.0,,2023-10-15,2023-10-15,,,,,,
2023-10-14,,,,435701,148488,94653,1.56876169,2934.25057917,,Configuración de atribución múltiple,-,-,-,,,,2746.0,,2023-10-14,2023-10-14,,,,,,
2023-10-13,,,,423544,141475,87698,1.61320669,2993.77275137,,Configuración de atribución múltiple,-,-,-,,,,2472.0,,2023-10-13,2023-10-13,,,,,,
2023-10-12,,,,426436,153646,99445,1.54503494,2775.44485375,,Configuración de atribución múltiple,-,-,-,,,,2708.0,,2023-10-12,2023-10-12,,,,,,
2023-10-11,,,,424644,156782,99962,1.568416,2708.49970022,,Configuración de atribución múltiple,-,-,-,,,,2455.0,,2023-10-11,2023-10-11,,,,,,
2023-10-10,,,,437237,168583,111205,1.51596601,2593.60077825,,Configuración de atribución múltiple,-,-,-,,,,2580.0,,2023-10-10,2023-10-10,,,,,,
2023-10-09,,,,443234,174960,106060,1.64963228,2533.34476452,,Configuración de atribución múltiple,-,-,-,,,,2791.0,,2023-10-09,2023-10-09,,,,,,
2023-10-08,,,,454130,184825,120119,1.53868247,2457.08102259,,Configuración de atribución múltiple,-,-,-,,,,3414.0,,2023-10-08,2023-10-08,,,,,,
2023-10-07,,,,447753,175131,111323,1.57317895,2556.67471778,,Configuración de atribución múltiple,-,-,-,,,,3159.0,,2023-10-07,2023-10-07,,,,,,
2023-10-06,,,,430658,168984,105178,1.60664778,2548.51346873,,Configuración de atribución múltiple,-,-,-,,,,2956.0,,2023-10-06,2023-10-06,,,,,,
2023-10-05,,,,425810,166585,95533,1.743743,2556.11249512,,Configuración de atribución múltiple,-,-,-,,,,2866.0,,2023-10-05,2023-10-05,,,,,,
2023-10-04,,,,416367,185989,106741,1.74243262,2238.66465221,,Configuración de atribución múltiple,-,-,-,,,,3131.0,,2023-10-04,2023-10-04,,,,,,
2023-10-03,,,,440833,204108,119051,1.71445851,2159.8026535,,Configuración de atribución múltiple,-,-,-,,,,3368.0,,2023-10-03,2023-10-03,,,,,,
2023-10-02,,,,436185,198548,114732,1.73053725,2196.87430747,,Configuración de atribución múltiple,-,-,-,,,,3430.0,,2023-10-02,2023-10-02,,,,,,
2023-10-01,,,,369955,179958,106555,1.68887429,2055.78523878,,Configuración de atribución múltiple,-,-,-,,,,3128.0,,2023-10-01,2023-10-01,,,,,,
2023-09-30,,,,104211,32228,24749,1.30219403,3233.55467296,,Configuración de atribución múltiple,-,-,-,,,,498.0,,2023-09-30,2023-09-30,,,,,,
2023-09-29,,,,357548,140951,98208,1.43522931,2536.68296075,,Configuración de atribución múltiple,-,-,-,,,,1858.0,,2023-09-29,2023-09-29,,,,,,
2023-09-28,,,,358000,140191,91366,1.53438916,2553.65893674,,Configuración de atribución múltiple,-,-,-,,,,1966.0,,2023-09-28,2023-09-28,,,,,,
2023-09-27,,,,358925,135309,92625,1.46082591,2652.63212351,,Configuración de atribución múltiple,-,-,-,,,,2019.0,,2023-09-27,2023-09-27,,,,,,
2023-09-26,,,,387185,138619,92646,1.49622218,2793.15966787,,Configuración de atribución múltiple,-,-,-,,,,2279.0,,2023-09-26,2023-09-26,,,,,,
2023-09-25,,,,376756,139049,93368,1.48925756,2709.51966573,,Configuración de atribución múltiple,-,-,-,,,,2584.0,,2023-09-25,2023-09-25,,,,,,
2023-09-24,,,,403110,145891,96203,1.51649117,2763.09025231,,Configuración de atribución múltiple,-,-,-,,,,2542.0,,2023-09-24,2023-09-24,,,,,,
2023-09-23,,,,395464,122680,78100,1.57080666,3223.54091947,,Configuración de atribución múltiple,-,-,-,,,,2486.0,,2023-09-23,2023-09-23,,,,,,
2023-09-22,,,,365711,120371,77738,1.54841905,3038.19856942,,Configuración de atribución múltiple,-,-,-,,,,2367.0,,2023-09-22,2023-09-22,,,,,,
2023-09-21,,,,383381,139229,95090,1.4641813,2753.60018387,,Configuración de atribución múltiple,-,-,-,,,,2219.0,,2023-09-21,2023-09-21,,,,,,
2023-09-20,,,,377080,143724,94742,1.51700407,2623.63975397,,Configuración de atribución múltiple,-,-,-,,,,2144.0,,2023-09-20,2023-09-20,,,,,,
2023-09-19,,,,390028,138575,85917,1.61289384,2814.56251128,,Configuración de atribución múltiple,-,-,-,,,,2011.0,,2023-09-19,2023-09-19,,,,,,
2023-09-18,,,,372925,155349,107613,1.44358953,2400.5626042,,Configuración de atribución múltiple,-,-,-,,,,2294.0,,2023-09-18,2023-09-18,,,,,,
2023-09-17,,,,396918,136081,92377,1.47310478,2916.77750751,,Configuración de atribución múltiple,-,-,-,,,,3226.0,,2023-09-17,2023-09-17,,,,,,
2023-09-16,,,,373062,139085,97231,1.43045942,2682.25905022,,Configuración de atribución múltiple,-,-,-,,,,2909.0,,2023-09-16,2023-09-16,,,,,,
2023-09-15,,,,359791,133118,94565,1.40768783,2702.79751799,,Configuración de atribución múltiple,-,-,-,,,,2859.0,,2023-09-15,2023-09-15,,,,,,
2023-09-14,,,,374324,155415,105873,1.467938,2408.54486375,,Configuración de atribución múltiple,-,-,-,,,,3386.0,,2023-09-14,2023-09-14,,,,,,
2023-09-13,,,,361680,131279,90237,1.45482452,2755.04840835,,Configuración de atribución múltiple,-,-,-,,,,3109.0,,2023-09-13,2023-09-13,,,,,,
2023-09-12,,,,384705,159151,117047,1.35971875,2417.23269097,,Configuración de atribución múltiple,-,-,-,,,,3505.0,,2023-09-12,2023-09-12,,,,,,
2023-09-11,,,,389173,174686,130691,1.33663374,2227.84310134,,Configuración de atribución múltiple,-,-,-,,,,3553.0,,2023-09-11,2023-09-11,,,,,,
2023-09-10,,,,403610,212346,154299,1.37619816,1900.71863845,,Configuración de atribución múltiple,-,-,-,,,,4437.0,,2023-09-10,2023-09-10,,,,,,
2023-09-09,,,,387085,189406,140099,1.35194398,2043.67865854,,Configuración de atribución múltiple,-,-,-,,,,4096.0,,2023-09-09,2023-09-09,,,,,,
2023-09-08,,,,380875,170823,125474,1.36142149,2229.64706158,,Configuración de atribución múltiple,-,-,-,,,,3842.0,,2023-09-08,2023-09-08,,,,,,
2023-09-07,,,,397077,161180,114042,1.41333895,2463.56247673,,Configuración de atribución múltiple,-,-,-,,,,3939.0,,2023-09-07,2023-09-07,,,,,,
2023-09-06,,,,377634,165670,119959,1.38105519,2279.43502143,,Configuración de atribución múltiple,-,-,-,,,,4114.0,,2023-09-06,2023-09-06,,,,,,
2023-09-05,,,,380853,175521,126928,1.38283909,2169.84292478,,Configuración de atribución múltiple,-,-,-,,,,4123.0,,2023-09-05,2023-09-05,,,,,,
2023-09-04,,,,404464,186682,132794,1.40580147,2166.59345839,,Configuración de atribución múltiple,-,-,-,,,,4813.0,,2023-09-04,2023-09-04,,,,,,
2023-09-03,,,,411609,200159,138158,1.4487688,2056.41015393,,Configuración de atribución múltiple,-,-,-,,,,5282.0,,2023-09-03,2023-09-03,,,,,,
2023-09-02,,,,376696,165739,108041,1.534038,2272.82655259,,Configuración de atribución múltiple,-,-,-,,,,4644.0,,2023-09-02,2023-09-02,,,,,,
2023-09-01,,,,365023,115612,76333,1.5145743,3157.31065979,,Configuración de atribución múltiple,-,-,-,,,,4199.0,,2023-09-01,2023-09-01,,,,,,
2023-08-31,,,,230207,59038,46529,1.26884309,3899.30214438,,Configuración de atribución múltiple,-,-,-,,,,2199.0,,2023-08-31,2023-08-31,,,,,,
2023-08-30,,,,654443,174737,111346,1.56931547,3745.30294099,,Configuración de atribución múltiple,-,-,-,,,,7344.0,,2023-08-30,2023-08-30,,,,,,
2023-08-29,,,,431709,135925,96799,1.40419839,3176.08239838,,Configuración de atribución múltiple,-,-,-,,,,5519.0,,2023-08-29,2023-08-29,,,,,,
2023-08-26,,,,149631,50228,39761,1.26324791,2979.03559767,,Configuración de atribución múltiple,-,-,-,,,,664.0,,2023-08-26,2023-08-26,,,,,,
2023-08-25,,,,772523,334318,230109,1.45286799,2310.74306499,,Configuración de atribución múltiple,-,-,-,,,,4249.0,,2023-08-25,2023-08-25,,,,,,
2023-08-24,,,,805461,358045,230597,1.55268716,2249.60828946,,Configuración de atribución múltiple,-,-,-,,,,4640.0,,2023-08-24,2023-08-24,,,,,,
2023-08-23,,,,792572,349829,224649,1.55722483,2265.59833519,,Configuración de atribución múltiple,-,-,-,,,,4639.0,,2023-08-23,2023-08-23,,,,,,
2023-08-22,,,,821801,400899,267206,1.50033682,2049.89536018,,Configuración de atribución múltiple,-,-,-,,,,5349.0,,2023-08-22,2023-08-22,,,,,,
2023-08-21,,,,828238,440619,278146,1.58412848,1879.71467413,,Configuración de atribución múltiple,-,-,-,,,,5904.0,,2023-08-21,2023-08-21,,,,,,
2023-08-20,,,,880292,440375,300126,1.4673004,1998.95997729,,Configuración de atribución múltiple,-,-,-,,,,5789.0,,2023-08-20,2023-08-20,,,,,,
2023-08-19,,,,820277,386932,261689,1.47859482,2119.95130927,,Configuración de atribución múltiple,-,-,-,,,,5040.0,,2023-08-19,2023-08-19,,,,,,
2023-08-18,,,,811822,385637,259596,1.48552751,2105.14551249,,Configuración de atribución múltiple,-,-,-,,,,4929.0,,2023-08-18,2023-08-18,,,,,,
2023-08-17,,,,825462,405030,268533,1.50830624,2038.02681283,,Configuración de atribución múltiple,-,-,-,,,,5191.0,,2023-08-17,2023-08-17,,,,,,
2023-08-16,,,,830527,385260,257314,1.49723684,2155.75715101,,Configuración de atribución múltiple,-,-,-,,,,5348.0,,2023-08-16,2023-08-16,,,,,,
2023-08-15,,,,789575,385166,256001,1.50454881,2049.96027687,,Configuración de atribución múltiple,-,-,-,,,,5585.0,,2023-08-15,2023-08-15,,,,,,
2023-08-14,,,,687226,407021,288010,1.41321829,1688.42885257,,Configuración de atribución múltiple,-,-,-,,,,5447.0,,2023-08-14,2023-08-14,,,,,,
2023-08-13,,,,867027,464167,313375,1.48118708,1867.9203821,,Configuración de atribución múltiple,-,-,-,,,,6115.0,,2023-08-13,2023-08-13,,,,,,
2023-08-12,,,,867876,439388,294339,1.49279572,1975.19276812,,Configuración de atribución múltiple,-,-,-,,,,5655.0,,2023-08-12,2023-08-12,,,,,,
2023-08-11,,,,827594,397575,270938,1.46740214,2081.60472867,,Configuración de atribución múltiple,-,-,-,,,,5453.0,,2023-08-11,2023-08-11,,,,,,
2023-08-10,,,,833378,379113,251892,1.50506169,2198.23113425,,Configuración de atribución múltiple,-,-,-,,,,5435.0,,2023-08-10,2023-08-10,,,,,,
2023-08-09,,,,832053,383413,264538,1.44936833,2170.12203551,,Configuración de atribución múltiple,-,-,-,,,,5774.0,,2023-08-09,2023-08-09,,,,,,
2023-08-08,,,,856259,399262,261004,1.52971602,2144.60429492,,Configuración de atribución múltiple,-,-,-,,,,6376.0,,2023-08-08,2023-08-08,,,,,,
2023-08-07,,,,815241,429720,280710,1.53083253,1897.14465233,,Configuración de atribución múltiple,-,-,-,,,,8351.0,,2023-08-07,2023-08-07,,,,,,
2023-08-06,,,,204520,66378,45678,1.45317221,3081.14134201,,Configuración de atribución múltiple,-,-,-,,,,2737.0,,2023-08-06,2023-08-06,,,,,,
2023-08-05,,,,197657,59986,41082,1.46015287,3295.05217884,,Configuración de atribución múltiple,-,-,-,,,,2927.0,,2023-08-05,2023-08-05,,,,,,
2023-08-04,,,,185481,50546,33668,1.50130688,3669.54853005,,Configuración de atribución múltiple,-,-,-,,,,2312.0,,2023-08-04,2023-08-04,,,,,,
2023-08-03,,,,1207709,634937,404213,1.57079807,1902.09264856,,Configuración de atribución múltiple,-,-,-,,,,8079.0,,2023-08-03,2023-08-03,,,,,,
2023-08-02,,,,1396118,760169,477371,1.59240716,1836.58896903,,Configuración de atribución múltiple,-,-,-,,,,9798.0,,2023-08-02,2023-08-02,,,,,,
2023-08-01,,,,1328829,657969,393820,1.67073536,2019.59210844,,Configuración de atribución múltiple,-,-,-,,,,9454.0,,2023-08-01,2023-08-01,,,,,,
2023-07-31,,,,70174,38822,30990,1.25272669,1807.58332904,,Configuración de atribución múltiple,-,-,-,,,,1053.0,,2023-07-31,2023-07-31,,,,,,
2023-07-30,,,,283694,155935,115111,1.35464899,1819.3093276,,Configuración de atribución múltiple,-,-,-,,,,4811.0,,2023-07-30,2023-07-30,,,,,,
2023-07-29,,,,282395,143454,101707,1.41046339,1968.54043805,,Configuración de atribución múltiple,-,-,-,,,,4581.0,,2023-07-29,2023-07-29,,,,,,
2023-07-28,,,,272727,113818,84700,1.34377804,2396.16756576,,Configuración de atribución múltiple,-,-,-,,,,3711.0,,2023-07-28,2023-07-28,,,,,,
2023-07-27,,,,303295,120967,83571,1.4474758,2507.25404449,,Configuración de atribución múltiple,-,-,-,,,,2426.0,,2023-07-27,2023-07-27,,,,,,
2023-07-26,,,,216627,105185,71251,1.47625998,2059.48566811,,Configuración de atribución múltiple,-,-,-,,,,1910.0,,2023-07-26,2023-07-26,,,,,,
2023-07-25,,,,276933,135981,93505,1.45426448,2036.55657776,,Configuración de atribución múltiple,-,-,-,,,,4544.0,,2023-07-25,2023-07-25,,,,,,
2023-07-24,,,,296252,135123,92789,1.45623942,2192.46168306,,Configuración de atribución múltiple,-,-,-,,,,4678.0,,2023-07-24,2023-07-24,,,,,,
2023-07-23,,,,922202,476381,352639,1.35090276,1935.84966655,,Configuración de atribución múltiple,-,-,-,,,,8872.0,,2023-07-23,2023-07-23,,,,,,
2023-07-22,,,,995732,502796,353061,1.42410518,1980.38966102,,Configuración de atribución múltiple,-,-,-,,,,9347.0,,2023-07-22,2023-07-22,,,,,,
2023-07-21,,,,986503,496565,357053,1.39073191,1986.65431515,,Configuración de atribución múltiple,-,-,-,,,,7954.0,,2023-07-21,2023-07-21,,,,,,
2023-07-20,,,,1017157,560660,379793,1.47622521,1814.21360539,,Configuración de atribución múltiple,-,-,-,,,,7593.0,,2023-07-20,2023-07-20,,,,,,
2023-07-19,,,,991719,465369,311840,1.49233261,2131.03795053,,Configuración de atribución múltiple,-,-,-,,,,8229.0,,2023-07-19,2023-07-19,,,,,,
2023-07-18,,,,1031520,494154,344519,1.43433018,2087.44642358,,Configuración de atribución múltiple,-,-,-,,,,9231.0,,2023-07-18,2023-07-18,,,,,,
2023-07-17,,,,1034915,519070,340665,1.5236963,1993.78696515,,Configuración de atribución múltiple,-,-,-,,,,9520.0,,2023-07-17,2023-07-17,,,,,,
2023-07-16,,,,311834,158081,111142,1.42233359,1972.62163068,,Configuración de atribución múltiple,-,-,-,,,,5287.0,,2023-07-16,2023-07-16,,,,,,
2023-07-15,,,,305828,164885,130357,1.26487262,1854.79576675,,Configuración de atribución múltiple,-,-,-,,,,3820.0,,2023-07-15,2023-07-15,,,,,,
2023-07-14,,,,360985,204362,146797,1.39214017,1766.39981993,,Configuración de atribución múltiple,-,-,-,,,,3760.0,,2023-07-14,2023-07-14,,,,,,
2023-07-13,,,,371360,212406,152850,1.3896369,1748.34985829,,Configuración de atribución múltiple,-,-,-,,,,3781.0,,2023-07-13,2023-07-13,,,,,,
2023-07-12,,,,361800,219607,164573,1.33440479,1647.48846804,,Configuración de atribución múltiple,-,-,-,,,,4068.0,,2023-07-12,2023-07-12,,,,,,
2023-07-11,,,,373393,239478,171552,1.39594992,1559.1954167,,Configuración de atribución múltiple,-,-,-,,,,4071.0,,2023-07-11,2023-07-11,,,,,,
2023-07-10,,,,349529,219837,156276,1.40672272,1589.9461874,,Configuración de atribución múltiple,-,-,-,,,,4100.0,,2023-07-10,2023-07-10,,,,,,
2023-07-09,,,,409141,260823,188806,1.38143385,1568.65383804,,Configuración de atribución múltiple,-,-,-,,,,6466.0,,2023-07-09,2023-07-09,,,,,,
2023-07-08,,,,395369,235844,163757,1.44020714,1676.40050203,,Configuración de atribución múltiple,-,-,-,,,,6353.0,,2023-07-08,2023-07-08,,,,,,
2023-07-07,,,,379193,221653,157922,1.40355999,1710.75058763,,Configuración de atribución múltiple,-,-,-,,,,6609.0,,2023-07-07,2023-07-07,,,,,,
2023-07-06,,,,388545,196327,137244,1.43049605,1979.07063216,,Configuración de atribución múltiple,-,-,-,,,,9081.0,,2023-07-06,2023-07-06,,,,,,
2023-07-05,,,,388629,214175,160718,1.33261365,1814.53951208,,Configuración de atribución múltiple,-,-,-,,,,9464.0,,2023-07-05,2023-07-05,,,,,,
2023-07-04,,,,397289,233939,174072,1.34392091,1698.25894785,,Configuración de atribución múltiple,-,-,-,,,,10018.0,,2023-07-04,2023-07-04,,,,,,
2023-07-03,,,,374285,272221,197289,1.3798083,1374.93066295,,Configuración de atribución múltiple,-,-,-,,,,10416.0,,2023-07-03,2023-07-03,,,,,,
2023-07-02,,,,308451,185114,131735,1.40519983,1666.27591646,,Configuración de atribución múltiple,-,-,-,,,,8225.0,,2023-07-02,2023-07-02,,,,,,
2023-07-01,,,,276728,140271,103741,1.35212693,1972.80977536,,Configuración de atribución múltiple,-,-,-,,,,6539.0,,2023-07-01,2023-07-01,,,,,,
2023-06-30,,,,49425,15979,12698,1.25838715,3093.12222292,,Configuración de atribución múltiple,-,-,-,,,,256.0,,2023-06-30,2023-06-30,,,,,,
2023-06-29,,,,384541,161389,105808,1.52530054,2382.6964663,,Configuración de atribución múltiple,-,-,-,,,,2843.0,,2023-06-29,2023-06-29,,,,,,
2023-06-28,,,,989454,486321,370420,1.31289077,2034.56975948,,Configuración de atribución múltiple,-,-,-,,,,5805.0,,2023-06-28,2023-06-28,,,,,,
2023-06-27,,,,1238316,594585,411025,1.44659084,2082.65597013,,Configuración de atribución múltiple,-,-,-,,,,7633.0,,2023-06-27,2023-06-27,,,,,,
2023-06-26,,,,1264138,671624,447932,1.4993883,1882.2108799,,Configuración de atribución múltiple,-,-,-,,,,8681.0,,2023-06-26,2023-06-26,,,,,,
2023-06-25,,,,364744,241277,169399,1.42431183,1511.72304032,,Configuración de atribución múltiple,-,-,-,,,,3303.0,,2023-06-25,2023-06-25,,,,,,
2023-06-24,,,,365011,201090,136242,1.47597657,1815.16236511,,Configuración de atribución múltiple,-,-,-,,,,2688.0,,2023-06-24,2023-06-24,,,,,,
2023-06-23,,,,299008,164246,124173,1.32271911,1820.48877903,,Configuración de atribución múltiple,-,-,-,,,,2239.0,,2023-06-23,2023-06-23,,,,,,
2023-06-22,,,,332550,186679,133951,1.39363648,1781.40015749,,Configuración de atribución múltiple,-,-,-,,,,2352.0,,2023-06-22,2023-06-22,,,,,,
2023-06-21,,,,345549,209747,152332,1.37690702,1647.45622107,,Configuración de atribución múltiple,-,-,-,,,,3127.0,,2023-06-21,2023-06-21,,,,,,
2023-06-20,,,,360710,242716,177738,1.36558305,1486.14018029,,Configuración de atribución múltiple,-,-,-,,,,3581.0,,2023-06-20,2023-06-20,,,,,,
2023-06-19,,,,315352,228941,165697,1.38168464,1377.43785517,,Configuración de atribución múltiple,-,-,-,,,,3086.0,,2023-06-19,2023-06-19,,,,,,
2023-06-18,,,,369643,260237,191446,1.35932326,1420.40908864,,Configuración de atribución múltiple,-,-,-,,,,3405.0,,2023-06-18,2023-06-18,,,,,,
2023-06-17,,,,358007,218067,157132,1.38779497,1641.72937675,,Configuración de atribución múltiple,-,-,-,,,,3368.0,,2023-06-17,2023-06-17,,,,,,
2023-06-16,,,,448965,272761,205049,1.33022351,1646.00144449,,Configuración de atribución múltiple,-,-,-,,,,3716.0,,2023-06-16,2023-06-16,,,,,,
2023-06-15,,,,431436,272874,196401,1.38937174,1581.08137822,,Configuración de atribución múltiple,-,-,-,,,,4227.0,,2023-06-15,2023-06-15,,,,,,
2023-06-14,,,,441128,290613,214356,1.35574931,1517.92246045,,Configuración de atribución múltiple,-,-,-,,,,5571.0,,2023-06-14,2023-06-14,,,,,,
2023-06-13,,,,439028,246077,195517,1.25859644,1784.10822629,,Configuración de atribución múltiple,-,-,-,,,,7705.0,,2023-06-13,2023-06-13,,,,,,
2023-06-12,,,,442341,284683,223322,1.27476469,1553.80194813,,Configuración de atribución múltiple,-,-,-,,,,8479.0,,2023-06-12,2023-06-12,,,,,,
2023-06-11,,,,472356,293365,230137,1.2747407,1610.13072452,,Configuración de atribución múltiple,-,-,-,,,,9036.0,,2023-06-11,2023-06-11,,,,,,
2023-06-10,,,,451212,264858,201558,1.31405352,1703.59966473,,Configuración de atribución múltiple,-,-,-,,,,8312.0,,2023-06-10,2023-06-10,,,,,,
2023-06-09,,,,424146,229767,176580,1.30120625,1845.98310462,,Configuración de atribución múltiple,-,-,-,,,,7545.0,,2023-06-09,2023-06-09,,,,,,
2023-06-08,,,,362052,223402,175807,1.27072301,1620.63007493,,Configuración de atribución múltiple,-,-,-,,,,7048.0,,2023-06-08,2023-06-08,,,,,,
2023-06-07,,,,373342,225233,177913,1.26597269,1657.58126029,,Configuración de atribución múltiple,-,-,-,,,,6709.0,,2023-06-07,2023-06-07,,,,,,
2023-06-06,,,,388908,225188,176883,1.27309012,1727.03696467,,Configuración de atribución múltiple,-,-,-,,,,7341.0,,2023-06-06,2023-06-06,,,,,,
2023-06-05,,,,363815,249859,193512,1.29118091,1456.08122981,,Configuración de atribución múltiple,-,-,-,,,,7018.0,,2023-06-05,2023-06-05,,,,,,
2023-06-04,,,,365298,276546,210140,1.31600838,1320.93033347,,Configuración de atribución múltiple,-,-,-,,,,8067.0,,2023-06-04,2023-06-04,,,,,,
2023-06-03,,,,365373,249366,199114,1.25237803,1465.2077669,,Configuración de atribución múltiple,-,-,-,,,,7515.0,,2023-06-03,2023-06-03,,,,,,
2023-06-02,,,,356716,215892,161837,1.33400891,1652.28910752,,Configuración de atribución múltiple,-,-,-,,,,4601.0,,2023-06-02,2023-06-02,,,,,,
2023-06-01,,,,389866,249971,181202,1.37951568,1559.64491881,,Configuración de atribución múltiple,-,-,-,,,,6056.0,,2023-06-01,2023-06-01,,,,,,
2026-07-01,,,,935288,112413,56476,1.99045612,,,Configuración de atribución múltiple,,,,,,,1643.0,,2026-07-01,2026-07-01,,,,,,884.0
2026-07-02,,,,707293,98983,51546,1.92028479,,,Configuración de atribución múltiple,,,,,,,1473.0,,2026-07-02,2026-07-02,,,,,,785.0
2026-07-03,,,,664300,97118,47205,2.0573668,,,Configuración de atribución múltiple,,,,,,,1426.0,,2026-07-03,2026-07-03,,,,,,781.0
2026-07-04,,,,639444,105401,53802,1.95905357,,,Configuración de atribución múltiple,,,,,,,1427.0,,2026-07-04,2026-07-04,,,,,,774.0
2026-07-05,,,,855664,137194,73464,1.86749973,,,Configuración de atribución múltiple,,,,,,,1872.0,,2026-07-05,2026-07-05,,,,,,1068.0
2026-07-06,,,,803371,131705,68580,1.92045786,,,Configuración de atribución múltiple,,,,,,,1565.0,,2026-07-06,2026-07-06,,,,,,838.0
2026-07-07,,,,773769,125631,59460,2.11286579,,,Configuración de atribución múltiple,,,,,,,1569.0,,2026-07-07,2026-07-07,,,,,,814.0
2026-07-08,,,,789078,139420,72828,1.91437359,,,Configuración de atribución múltiple,,,,,,,1929.0,,2026-07-08,2026-07-08,,,,,,1053.0
2026-07-09,,,,768635,149042,79102,1.88417486,,,Configuración de atribución múltiple,,,,,,,2184.0,,2026-07-09,2026-07-09,,,,,,1210.0
2026-07-10,,,,723913,124135,62793,1.97689233,,,Configuración de atribución múltiple,,,,,,,2033.0,,2026-07-10,2026-07-10,,,,,,974.0
2026-07-11,,,,718977,132076,79670,1.65778838,,,Configuración de atribución múltiple,,,,,,,2067.0,,2026-07-11,2026-07-11,,,,,,1033.0
2026-07-12,,,,838759,125491,70093,1.79034996,,,Configuración de atribución múltiple,,,,,,,1866.0,,2026-07-12,2026-07-12,,,,,,986.0
2026-07-13,,,,763155,118182,62520,1.8903071,,,Configuración de atribución múltiple,,,,,,,1768.0,,2026-07-13,2026-07-13,,,,,,930.0
2026-07-14,,,,798365,122581,67187,1.82447497,,,Configuración de atribución múltiple,,,,,,,2023.0,,2026-07-14,2026-07-14,,,,,,1119.0
2026-07-15,,,,790440,111648,55344,2.01734605,,,Configuración de atribución múltiple,,,,,,,1909.0,,2026-07-15,2026-07-15,,,,,,983.0
2026-07-16,,,,728989,112231,58650,1.91357204,,,Configuración de atribución múltiple,,,,,,,1758.0,,2026-07-16,2026-07-16,,,,,,884.0
2026-07-17,,,,792467,106172,53647,1.9790855,,,Configuración de atribución múltiple,,,,,,,1945.0,,2026-07-17,2026-07-17,,,,,,1072.0
2026-07-18,,,,703199,97816,49757,1.96587415,,,Configuración de atribución múltiple,,,,,,,1552.0,,2026-07-18,2026-07-18,,,,,,829.0
2026-07-19,,,,760842,101278,46680,2.16962296,,,Configuración de atribución múltiple,,,,,,,1765.0,,2026-07-19,2026-07-19,,,,,,976.0
2026-07-20,,,,828198,126310,61516,2.05328695,,,Configuración de atribución múltiple,,,,,,,2219.0,,2026-07-20,2026-07-20,,,,,,1145.0
2026-07-21,,,,806115,133167,68431,1.946004,,,Configuración de atribución múltiple,,,,,,,2281.0,,2026-07-21,2026-07-21,,,,,,1184.0
2026-07-22,,,,790301,116528,57228,2.03620605,,,Configuración de atribución múltiple,,,,,,,2085.0,,2026-07-22,2026-07-22,,,,,,1080.0
2026-07-23,,,,784444,118811,60388,1.96746042,,,Configuración de atribución múltiple,,,,,,,2055.0,,2026-07-23,2026-07-23,,,,,,981.0
2026-07-24,,,,817939,126833,62560,2.02738171,,,Configuración de atribución múltiple,,,,,,,2058.0,,2026-07-24,2026-07-24,,,,,,930.0
2026-07-25,,,,812006,125170,62403,2.00583305,,,Configuración de atribución múltiple,,,,,,,2083.0,,2026-07-25,2026-07-25,,,,,,967.0
2026-07-26,,,,807138,127613,62149,2.05333955,,,Configuración de atribución múltiple,,,,,,,2100.0,,2026-07-26,2026-07-26,,,,,,1001.0
2026-07-27,,,,776862,135593,67616,2.00533897,,,Configuración de atribución múltiple,,,,,,,2253.0,,2026-07-27,2026-07-27,,,,,,1024.0
2026-07-28,,,,846434,140826,75357,1.86878459,,,Configuración de atribución múltiple,,,,,,,2131.0,,2026-07-28,2026-07-28,,,,,,978.0
2026-07-29,,,,846031,139176,70818,1.96526307,,,Configuración de atribución múltiple,,,,,,,2312.0,,2026-07-29,2026-07-29,,,,,,1046.0
2026-07-30,,,,808336,131558,70327,1.87066134,,,Configuración de atribución múltiple,,,,,,,2157.0,,2026-07-30,2026-07-30,,,,,,1081.0
2026-07-31,,,,918095,145285,76227,1.90595196,,,Configuración de atribución múltiple,,,,,,,2322.0,,2026-07-31,2026-07-31,,,,,,1108.0
